,URL
0,https://www.transfermarkt.com/iker-casillas/profil/spieler/3979
1,https://www.transfermarkt.com/diego-lopez/profil/spieler/34370
2,https://www.transfermarkt.com/antonio-adan/profil/spieler/44062
3,https://www.transfermarkt.com/jesus-fernandez/profil/spieler/91885
4,https://www.transfermarkt.com/sergio-ramos/profil/spieler/25557
5,https://www.transfermarkt.com/raphael-varane/profil/spieler/164770
6,https://www.transfermarkt.com/pepe/profil/spieler/14132
7,https://www.transfermarkt.com/raul-albiol/profil/spieler/15452
8,https://www.transfermarkt.com/nacho-fernandez/profil/spieler/58884
9,https://www.transfermarkt.com/ricardo-carvalho/profil/spieler/9828
10,https://www.transfermarkt.com/diego-llorente/profil/spieler/246291
11,https://www.transfermarkt.com/marcelo/profil/spieler/44501
12,https://www.transfermarkt.com/fabio-coentrao/profil/spieler/33648
13,https://www.transfermarkt.com/alvaro-arbeloa/profil/spieler/28260
14,https://www.transfermarkt.com/xabi-alonso/profil/spieler/7476
15,https://www.transfermarkt.com/lassana-diarra/profil/spieler/23914
16,https://www.transfermarkt.com/michael-essien/profil/spieler/5588
17,https://www.transfermarkt.com/casemiro/profil/spieler/16306
18,https://www.transfermarkt.com/fabinho/profil/spieler/225693
19,https://www.transfermarkt.com/omar-mascarell/profil/spieler/142031
20,https://www.transfermarkt.com/luka-modric/profil/spieler/27992
21,https://www.transfermarkt.com/sami-khedira/profil/spieler/29401
22,https://www.transfermarkt.com/esteban-granero/profil/spieler/44065
23,https://www.transfermarkt.com/jose-rodriguez/profil/spieler/165012
24,https://www.transfermarkt.com/mesut-ozil/profil/spieler/35664
25,https://www.transfermarkt.com/kaka/profil/spieler/3366
26,https://www.transfermarkt.com/alex-fernandez/profil/spieler/89733
27,https://www.transfermarkt.com/denis-cheryshev/profil/spieler/98322
28,https://www.transfermarkt.com/angel-di-maria/profil/spieler/45320
29,https://www.transfermarkt.com/jose-callejon/profil/spieler/61253
30,https://www.transfermarkt.com/cristiano-ronaldo/profil/spieler/8198
31,https://www.transfermarkt.com/karim-benzema/profil/spieler/18922
32,https://www.transfermarkt.com/gonzalo-higuain/profil/spieler/39153
33,https://www.transfermarkt.com/alvaro-morata/profil/spieler/128223
34,https://www.transfermarkt.com/daniel-carvajal/profil/spieler/138927
35,https://www.transfermarkt.com/lucas-vazquez/profil/spieler/221316
36,https://www.transfermarkt.com/asier-illarramendi/profil/spieler/59344
37,https://www.transfermarkt.com/isco/profil/spieler/85288
38,https://www.transfermarkt.com/jese/profil/spieler/134936
39,https://www.transfermarkt.com/burgui/profil/spieler/246277
40,https://www.transfermarkt.com/gareth-bale/profil/spieler/39381
41,https://www.transfermarkt.com/willian-jose/profil/spieler/122155
42,https://www.transfermarkt.com/raul-de-tomas/profil/spieler/162038
43,https://www.transfermarkt.com/keylor-navas/profil/spieler/79422
44,https://www.transfermarkt.com/fernando-pacheco/profil/spieler/172015
45,https://www.transfermarkt.com/ruben-yanez/profil/spieler/246335
46,https://www.transfermarkt.com/derik-osede/profil/spieler/129483
47,https://www.transfermarkt.com/jaime-sanchez/profil/spieler/212863
48,https://www.transfermarkt.com/abner/profil/spieler/273455
49,https://www.transfermarkt.com/javi-noblejas/profil/spieler/126731
50,https://www.transfermarkt.com/guillermo-varela/profil/spieler/188862
51,https://www.transfermarkt.com/lucas-silva/profil/spieler/218118
52,https://www.transfermarkt.com/lucas-torro/profil/spieler/213670
53,https://www.transfermarkt.com/toni-kroos/profil/spieler/31909
54,https://www.transfermarkt.com/alvaro-medran/profil/spieler/253839
55,https://www.transfermarkt.com/sergio-aguza/profil/spieler/246244
56,https://www.transfermarkt.com/marcos-llorente/profil/spieler/282411
57,https://www.transfermarkt.com/javi-munoz/profil/spieler/282421
58,https://www.transfermarkt.com/james-rodriguez/profil/spieler/88103
59,https://www.transfermarkt.com/martin-odegaard/profil/spieler/316264
60,https://www.transfermarkt.com/chicharito/profil/spieler/50935
61,https://www.transfermarkt.com/eero-markkanen/profil/spieler/225078
62,https://www.transfermarkt.com/borja-mayoral/profil/spieler/298976
63,https://www.transfermarkt.com/kiko-casilla/profil/spieler/27486
64,https://www.transfermarkt.com/alex-craninx/profil/spieler/208512
65,https://www.transfermarkt.com/philipp-lienhart/profil/spieler/225657
66,https://www.transfermarkt.com/danilo/profil/spieler/145707
67,https://www.transfermarkt.com/alvaro-tejero/profil/spieler/290273
68,https://www.transfermarkt.com/mateo-kovacic/profil/spieler/51471
69,https://www.transfermarkt.com/jose-carlos-lazo/profil/spieler/282410
70,https://www.transfermarkt.com/achraf-hakimi/profil/spieler/398073
71,https://www.transfermarkt.com/enzo-zidane/profil/spieler/106825
72,https://www.transfermarkt.com/marco-asensio/profil/spieler/296622
73,https://www.transfermarkt.com/mariano-diaz/profil/spieler/225020
74,https://www.transfermarkt.com/luca-zidane/profil/spieler/283489
75,https://www.transfermarkt.com/moha-ramos/profil/spieler/495602
76,https://www.transfermarkt.com/jesus-vallejo/profil/spieler/251896
77,https://www.transfermarkt.com/manu-hernando/profil/spieler/396161
78,https://www.transfermarkt.com/theo-hernandez/profil/spieler/339808
79,https://www.transfermarkt.com/luismi-quezada/profil/spieler/282428
80,https://www.transfermarkt.com/dani-ceballos/profil/spieler/319745
81,https://www.transfermarkt.com/jaime-seoane/profil/spieler/340867
82,https://www.transfermarkt.com/oscar-rodriguez/profil/spieler/284884
83,https://www.transfermarkt.com/franchu/profil/spieler/458466
84,https://www.transfermarkt.com/cristo-gonzalez/profil/spieler/339707
85,https://www.transfermarkt.com/thibaut-courtois/profil/spieler/108390
86,https://www.transfermarkt.com/andriy-lunin/profil/spieler/404839
87,https://www.transfermarkt.com/javi-sanchez/profil/spieler/340853
88,https://www.transfermarkt.com/adrian-de-la-fuente/profil/spieler/341263
89,https://www.transfermarkt.com/sergio-reguilon/profil/spieler/282429
90,https://www.transfermarkt.com/fran-garcia/profil/spieler/341264
91,https://www.transfermarkt.com/alvaro-odriozola/profil/spieler/280730
92,https://www.transfermarkt.com/federico-valverde/profil/spieler/369081
93,https://www.transfermarkt.com/alvaro-fidalgo/profil/spieler/261503
94,https://www.transfermarkt.com/jaume-grau/profil/spieler/340864
95,https://www.transfermarkt.com/brahim-diaz/profil/spieler/314678
96,https://www.transfermarkt.com/vinicius-junior/profil/spieler/371998
97,https://www.transfermarkt.com/alphonse-areola/profil/spieler/120629
98,https://www.transfermarkt.com/diego-altube/profil/spieler/549069
99,https://www.transfermarkt.com/luis-lopez/profil/spieler/623525
100,https://www.transfermarkt.com/eder-militao/profil/spieler/401530
101,https://www.transfermarkt.com/ferland-mendy/profil/spieler/291417
102,https://www.transfermarkt.com/javi-hernandez/profil/spieler/422466
103,https://www.transfermarkt.com/miguel-gutierrez/profil/spieler/525299
104,https://www.transfermarkt.com/reinier/profil/spieler/627226
105,https://www.transfermarkt.com/eden-hazard/profil/spieler/50202
106,https://www.transfermarkt.com/rodrygo/profil/spieler/412363
107,https://www.transfermarkt.com/luka-jovi%C4%87/profil/spieler/257462
108,https://www.transfermarkt.com/lucas-canizares/profil/spieler/568154
109,https://www.transfermarkt.com/victor-chust/profil/spieler/495625
110,https://www.transfermarkt.com/pablo-ramon/profil/spieler/629511
111,https://www.transfermarkt.com/sergio-santos/profil/spieler/537759
112,https://www.transfermarkt.com/antonio-blanco/profil/spieler/495621
113,https://www.transfermarkt.com/sergio-arribas/profil/spieler/537762
114,https://www.transfermarkt.com/oscar-aranda/profil/spieler/652332
115,https://www.transfermarkt.com/marvin-park/profil/spieler/603940
116,https://www.transfermarkt.com/hugo-duro/profil/spieler/573775
117,https://www.transfermarkt.com/toni-fuidias/profil/spieler/623526
118,https://www.transfermarkt.com/diego-pineiro/profil/spieler/926850
119,https://www.transfermarkt.com/david-alaba/profil/spieler/59016
120,https://www.transfermarkt.com/mario-gila/profil/spieler/618341
121,https://www.transfermarkt.com/rafa-marin/profil/spieler/662261
122,https://www.transfermarkt.com/eduardo-camavinga/profil/spieler/640428
123,https://www.transfermarkt.com/peter-gonzalez/profil/spieler/710004
124,https://www.transfermarkt.com/juanmi-latasa/profil/spieler/623521
125,https://www.transfermarkt.com/manuel-neuer/profil/spieler/17259
126,https://www.transfermarkt.com/tom-starke/profil/spieler/80
127,https://www.transfermarkt.com/lukas-raeder/profil/spieler/125172
128,https://www.transfermarkt.com/maximilian-riedmuller/profil/spieler/52093
129,https://www.transfermarkt.com/jerome-boateng/profil/spieler/26485
130,https://www.transfermarkt.com/dante/profil/spieler/16136
131,https://www.transfermarkt.com/holger-badstuber/profil/spieler/54659
132,https://www.transfermarkt.com/daniel-van-buyten/profil/spieler/4740
133,https://www.transfermarkt.com/diego-contento/profil/spieler/39717
134,https://www.transfermarkt.com/philipp-lahm/profil/spieler/2219
135,https://www.transfermarkt.com/rafinha/profil/spieler/33947
136,https://www.transfermarkt.com/mitchell-weiser/profil/spieler/119211
137,https://www.transfermarkt.com/vladimir-rankovic/profil/spieler/92453
138,https://www.transfermarkt.com/javi-martinez/profil/spieler/44017
139,https://www.transfermarkt.com/luiz-gustavo/profil/spieler/10471
140,https://www.transfermarkt.com/anatoliy-tymoshchuk/profil/spieler/14944
141,https://www.transfermarkt.com/emre-can/profil/spieler/119296
142,https://www.transfermarkt.com/bastian-schweinsteiger/profil/spieler/2514
143,https://www.transfermarkt.com/pierre-emile-hojbjerg/profil/spieler/167799
144,https://www.transfermarkt.com/patrick-weihrauch/profil/spieler/125105
145,https://www.transfermarkt.com/franck-ribery/profil/spieler/22068
146,https://www.transfermarkt.com/arjen-robben/profil/spieler/4360
147,https://www.transfermarkt.com/xherdan-shaqiri/profil/spieler/86792
148,https://www.transfermarkt.com/thomas-muller/profil/spieler/58358
149,https://www.transfermarkt.com/mario-gomez/profil/spieler/6288
150,https://www.transfermarkt.com/mario-mandzukic/profil/spieler/34572
151,https://www.transfermarkt.com/claudio-pizarro/profil/spieler/532
152,https://www.transfermarkt.com/leopold-zingerle/profil/spieler/160971
153,https://www.transfermarkt.com/raif-husic/profil/spieler/160742
154,https://www.transfermarkt.com/jan-kirchhoff/profil/spieler/49734
155,https://www.transfermarkt.com/ylli-sallahi/profil/spieler/159162
156,https://www.transfermarkt.com/benno-schmitz/profil/spieler/160968
157,https://www.transfermarkt.com/thiago/profil/spieler/60444
158,https://www.transfermarkt.com/julian-green/profil/spieler/161204
159,https://www.transfermarkt.com/alessandro-schopf/profil/spieler/118397
160,https://www.transfermarkt.com/mario-gotze/profil/spieler/74842
161,https://www.transfermarkt.com/pepe-reina/profil/spieler/7825
162,https://www.transfermarkt.com/ivan-lucic/profil/spieler/164145
163,https://www.transfermarkt.com/medhi-benatia/profil/spieler/45124
164,https://www.transfermarkt.com/juan-bernat/profil/spieler/126719
165,https://www.transfermarkt.com/rico-strieder/profil/spieler/94768
166,https://www.transfermarkt.com/sebastian-rode/profil/spieler/44466
167,https://www.transfermarkt.com/gianluca-gaudino/profil/spieler/195051
168,https://www.transfermarkt.com/lucas-scholl/profil/spieler/195064
169,https://www.transfermarkt.com/lukas-gortler/profil/spieler/179638
170,https://www.transfermarkt.com/sinan-kurt/profil/spieler/170530
171,https://www.transfermarkt.com/robert-lewandowski/profil/spieler/38253
172,https://www.transfermarkt.com/sven-ulreich/profil/spieler/40680
173,https://www.transfermarkt.com/serdar-tasci/profil/spieler/34593
174,https://www.transfermarkt.com/phillipp-steinhart/profil/spieler/82008
175,https://www.transfermarkt.com/joshua-kimmich/profil/spieler/161056
176,https://www.transfermarkt.com/arturo-vidal/profil/spieler/37666
177,https://www.transfermarkt.com/milos-pantovic/profil/spieler/232144
178,https://www.transfermarkt.com/fabian-benko/profil/spieler/337027
179,https://www.transfermarkt.com/douglas-costa/profil/spieler/75615
180,https://www.transfermarkt.com/kingsley-coman/profil/spieler/243714
181,https://www.transfermarkt.com/leo-weinkauf/profil/spieler/196427
182,https://www.transfermarkt.com/mats-hummels/profil/spieler/39728
183,https://www.transfermarkt.com/marco-friedl/profil/spieler/156990
184,https://www.transfermarkt.com/nicolas-feldhahn/profil/spieler/31741
185,https://www.transfermarkt.com/niklas-dorsch/profil/spieler/251302
186,https://www.transfermarkt.com/renato-sanches/profil/spieler/258027
187,https://www.transfermarkt.com/erdal-ozturk/profil/spieler/170521
188,https://www.transfermarkt.com/felix-gotze/profil/spieler/330635
189,https://www.transfermarkt.com/raphael-obermair/profil/spieler/330699
190,https://www.transfermarkt.com/christian-fruchtl/profil/spieler/336307
191,https://www.transfermarkt.com/ron-thorben-hoffmann/profil/spieler/317444
192,https://www.transfermarkt.com/niklas-sule/profil/spieler/166601
193,https://www.transfermarkt.com/lukas-mai/profil/spieler/345780
194,https://www.transfermarkt.com/jonathan-meier/profil/spieler/379989
195,https://www.transfermarkt.com/sebastian-rudy/profil/spieler/57051
196,https://www.transfermarkt.com/corentin-tolisso/profil/spieler/190393
197,https://www.transfermarkt.com/timothy-tillman/profil/spieler/310662
198,https://www.transfermarkt.com/meritan-shabani/profil/spieler/379980
199,https://www.transfermarkt.com/franck-evina/profil/spieler/336331
200,https://www.transfermarkt.com/sandro-wagner/profil/spieler/39743
201,https://www.transfermarkt.com/kwasi-wriedt/profil/spieler/154819
202,https://www.transfermarkt.com/manuel-wintzheimer/profil/spieler/296429
203,https://www.transfermarkt.com/alphonso-davies/profil/spieler/424204
204,https://www.transfermarkt.com/paul-will/profil/spieler/356640
205,https://www.transfermarkt.com/leon-goretzka/profil/spieler/153084
206,https://www.transfermarkt.com/serge-gnabry/profil/spieler/159471
207,https://www.transfermarkt.com/woo-yeong-jeong/profil/spieler/297583
208,https://www.transfermarkt.com/lucas-hernandez/profil/spieler/281963
209,https://www.transfermarkt.com/chris-richards/profil/spieler/578539
210,https://www.transfermarkt.com/bright-arrey-mbi/profil/spieler/580193
211,https://www.transfermarkt.com/benjamin-pavard/profil/spieler/353366
212,https://www.transfermarkt.com/michael-cuisance/profil/spieler/344600
213,https://www.transfermarkt.com/ryan-johansson/profil/spieler/351071
214,https://www.transfermarkt.com/ivan-perisic/profil/spieler/42460
215,https://www.transfermarkt.com/sarpreet-singh/profil/spieler/350357
216,https://www.transfermarkt.com/malik-tillman/profil/spieler/467437
217,https://www.transfermarkt.com/jamal-musiala/profil/spieler/580195
218,https://www.transfermarkt.com/philippe-coutinho/profil/spieler/80444
219,https://www.transfermarkt.com/oliver-batista-meier/profil/spieler/406614
220,https://www.transfermarkt.com/leon-dajaku/profil/spieler/483974
221,https://www.transfermarkt.com/joshua-zirkzee/profil/spieler/435648
222,https://www.transfermarkt.com/fiete-arp/profil/spieler/343337
223,https://www.transfermarkt.com/alexander-nubel/profil/spieler/195778
224,https://www.transfermarkt.com/lukas-schneller/profil/spieler/453874
225,https://www.transfermarkt.com/tanguy-nianzou/profil/spieler/538996
226,https://www.transfermarkt.com/kilian-senkbeil/profil/spieler/335455
227,https://www.transfermarkt.com/remy-vita/profil/spieler/805835
228,https://www.transfermarkt.com/alexander-lungwitz/profil/spieler/422211
229,https://www.transfermarkt.com/bouna-sarr/profil/spieler/190685
230,https://www.transfermarkt.com/josip-stanisic/profil/spieler/483046
231,https://www.transfermarkt.com/marc-roca/profil/spieler/336869
232,https://www.transfermarkt.com/adrian-fein/profil/spieler/379979
233,https://www.transfermarkt.com/angelo-stiller/profil/spieler/443710
234,https://www.transfermarkt.com/maximilian-zaiser/profil/spieler/380423
235,https://www.transfermarkt.com/tiago-dantas/profil/spieler/429987
236,https://www.transfermarkt.com/christopher-scott/profil/spieler/503162
237,https://www.transfermarkt.com/leroy-sane/profil/spieler/192565
238,https://www.transfermarkt.com/daniels-ontuzans/profil/spieler/336324
239,https://www.transfermarkt.com/armindo-sieb/profil/spieler/569033
240,https://www.transfermarkt.com/eric-maxim-choupo-moting/profil/spieler/45660
241,https://www.transfermarkt.com/dimitri-oberlin/profil/spieler/212718
242,https://www.transfermarkt.com/dayot-upamecano/profil/spieler/344695
243,https://www.transfermarkt.com/jamie-lawrence/profil/spieler/522248
244,https://www.transfermarkt.com/omar-richards/profil/spieler/424881
245,https://www.transfermarkt.com/marcel-sabitzer/profil/spieler/106987
246,https://www.transfermarkt.com/taylor-booth/profil/spieler/513963
247,https://www.transfermarkt.com/timo-kern/profil/spieler/57574
248,https://www.transfermarkt.com/gabriel-vidovic/profil/spieler/604327
249,https://www.transfermarkt.com/paul-wanner/profil/spieler/900909
250,https://www.transfermarkt.com/arijon-ibrahimovic/profil/spieler/744728
251,https://www.transfermarkt.com/nemanja-motika/profil/spieler/604323
252,https://www.transfermarkt.com/lucas-copado/profil/spieler/636898
253,https://www.transfermarkt.com/victor-valdes/profil/spieler/7589
254,https://www.transfermarkt.com/oier-olazabal/profil/spieler/8176
255,https://www.transfermarkt.com/jordi-masip/profil/spieler/65263
256,https://www.transfermarkt.com/jose-manuel-pinto/profil/spieler/7537
257,https://www.transfermarkt.com/gerard-pique/profil/spieler/18944
258,https://www.transfermarkt.com/marc-bartra/profil/spieler/99922
259,https://www.transfermarkt.com/carles-puyol/profil/spieler/7594
260,https://www.transfermarkt.com/sergi-gomez/profil/spieler/92947
261,https://www.transfermarkt.com/jordi-alba/profil/spieler/69751
262,https://www.transfermarkt.com/adriano/profil/spieler/34495
263,https://www.transfermarkt.com/carles-planas/profil/spieler/66099
264,https://www.transfermarkt.com/eric-abidal/profil/spieler/5283
265,https://www.transfermarkt.com/dani-alves/profil/spieler/15951
266,https://www.transfermarkt.com/martin-montoya/profil/spieler/68645
267,https://www.transfermarkt.com/sergi-roberto/profil/spieler/85370
268,https://www.transfermarkt.com/sergio-busquets/profil/spieler/65230
269,https://www.transfermarkt.com/javier-mascherano/profil/spieler/19981
270,https://www.transfermarkt.com/alex-song/profil/spieler/27394
271,https://www.transfermarkt.com/andres-iniesta/profil/spieler/7600
272,https://www.transfermarkt.com/cesc-fabregas/profil/spieler/8806
273,https://www.transfermarkt.com/xavi/profil/spieler/7607
274,https://www.transfermarkt.com/jonathan-dos-santos/profil/spieler/60445
275,https://www.transfermarkt.com/rafinha/profil/spieler/129473
276,https://www.transfermarkt.com/cristian-tello/profil/spieler/141834
277,https://www.transfermarkt.com/lionel-messi/profil/spieler/28003
278,https://www.transfermarkt.com/pedro/profil/spieler/65278
279,https://www.transfermarkt.com/alexis-sanchez/profil/spieler/40433
280,https://www.transfermarkt.com/gerard-deulofeu/profil/spieler/129476
281,https://www.transfermarkt.com/david-villa/profil/spieler/7980
282,https://www.transfermarkt.com/patric/profil/spieler/126729
283,https://www.transfermarkt.com/ibrahim-afellay/profil/spieler/15760
284,https://www.transfermarkt.com/neymar/profil/spieler/68290
285,https://www.transfermarkt.com/isaac-cuenca/profil/spieler/176285
286,https://www.transfermarkt.com/adama-traore/profil/spieler/204103
287,https://www.transfermarkt.com/jean-marie-dongou/profil/spieler/166666
288,https://www.transfermarkt.com/marc-andre-ter-stegen/profil/spieler/74857
289,https://www.transfermarkt.com/claudio-bravo/profil/spieler/40423
290,https://www.transfermarkt.com/thomas-vermaelen/profil/spieler/15904
291,https://www.transfermarkt.com/edgar-ie/profil/spieler/191987
292,https://www.transfermarkt.com/jeremy-mathieu/profil/spieler/5404
293,https://www.transfermarkt.com/douglas/profil/spieler/58426
294,https://www.transfermarkt.com/sergi-samper/profil/spieler/181112
295,https://www.transfermarkt.com/diawandou-diagne/profil/spieler/228658
296,https://www.transfermarkt.com/gerard-gumbau/profil/spieler/268670
297,https://www.transfermarkt.com/ivan-rakitic/profil/spieler/32467
298,https://www.transfermarkt.com/alen-halilovic/profil/spieler/226074
299,https://www.transfermarkt.com/luis-suarez/profil/spieler/44352
300,https://www.transfermarkt.com/munir-el-haddadi/profil/spieler/223725
301,https://www.transfermarkt.com/sandro-ramirez/profil/spieler/199369
302,https://www.transfermarkt.com/aleix-vidal/profil/spieler/88490
303,https://www.transfermarkt.com/wilfrid-kaptoum/profil/spieler/256120
304,https://www.transfermarkt.com/carles-alena/profil/spieler/284854
305,https://www.transfermarkt.com/juan-camara/profil/spieler/162039
306,https://www.transfermarkt.com/arda-turan/profil/spieler/21369
307,https://www.transfermarkt.com/aitor-cantalapiedra/profil/spieler/323740
308,https://www.transfermarkt.com/dani-romera/profil/spieler/271451
309,https://www.transfermarkt.com/jasper-cillessen/profil/spieler/146227
310,https://www.transfermarkt.com/samuel-umtiti/profil/spieler/126540
311,https://www.transfermarkt.com/marlon/profil/spieler/273236
312,https://www.transfermarkt.com/borja-lopez/profil/spieler/214770
313,https://www.transfermarkt.com/lucas-digne/profil/spieler/126664
314,https://www.transfermarkt.com/andre-gomes/profil/spieler/221025
315,https://www.transfermarkt.com/alex-carbonell/profil/spieler/262389
316,https://www.transfermarkt.com/denis-suarez/profil/spieler/165007
317,https://www.transfermarkt.com/nili-perdomo/profil/spieler/282671
318,https://www.transfermarkt.com/paco-alcacer/profil/spieler/126716
319,https://www.transfermarkt.com/marc-cardona/profil/spieler/443222
320,https://www.transfermarkt.com/adrian-ortola/profil/spieler/142033
321,https://www.transfermarkt.com/yerry-mina/profil/spieler/289446
322,https://www.transfermarkt.com/david-costas/profil/spieler/276111
323,https://www.transfermarkt.com/marc-cucurella/profil/spieler/284857
324,https://www.transfermarkt.com/nelson-semedo/profil/spieler/231572
325,https://www.transfermarkt.com/uri-busquets/profil/spieler/282721
326,https://www.transfermarkt.com/paulinho/profil/spieler/57229
327,https://www.transfermarkt.com/jose-manuel-arnaiz/profil/spieler/364603
328,https://www.transfermarkt.com/ousmane-dembele/profil/spieler/288230
329,https://www.transfermarkt.com/inaki-pena/profil/spieler/283170
330,https://www.transfermarkt.com/jokin-ezkieta/profil/spieler/379548
331,https://www.transfermarkt.com/clement-lenglet/profil/spieler/182904
332,https://www.transfermarkt.com/jeison-murillo/profil/spieler/131102
333,https://www.transfermarkt.com/jean-clair-todibo/profil/spieler/605184
334,https://www.transfermarkt.com/chumi/profil/spieler/333361
335,https://www.transfermarkt.com/jorge-cuenca/profil/spieler/494880
336,https://www.transfermarkt.com/juan-miranda/profil/spieler/341227
337,https://www.transfermarkt.com/moussa-wague/profil/spieler/364240
338,https://www.transfermarkt.com/guillem-jaime/profil/spieler/331508
339,https://www.transfermarkt.com/arthur-melo/profil/spieler/362842
340,https://www.transfermarkt.com/riqui-puig/profil/spieler/331511
341,https://www.transfermarkt.com/kevin-prince-boateng/profil/spieler/16922
342,https://www.transfermarkt.com/malcom/profil/spieler/323704
343,https://www.transfermarkt.com/carles-perez/profil/spieler/282810
344,https://www.transfermarkt.com/alex-collado/profil/spieler/282722
345,https://www.transfermarkt.com/abel-ruiz/profil/spieler/340376
346,https://www.transfermarkt.com/neto/profil/spieler/111819
347,https://www.transfermarkt.com/arnau-tenas/profil/spieler/466783
348,https://www.transfermarkt.com/ronald-araujo/profil/spieler/480267
349,https://www.transfermarkt.com/oscar-mingueza/profil/spieler/331505
350,https://www.transfermarkt.com/junior-firpo/profil/spieler/374139
351,https://www.transfermarkt.com/sergio-akieme/profil/spieler/355627
352,https://www.transfermarkt.com/dani-morer/profil/spieler/282726
353,https://www.transfermarkt.com/jandro-orellana/profil/spieler/388548
354,https://www.transfermarkt.com/frenkie-de-jong/profil/spieler/326330
355,https://www.transfermarkt.com/ludovit-reis/profil/spieler/490884
356,https://www.transfermarkt.com/monchu/profil/spieler/282727
357,https://www.transfermarkt.com/ansu-fati/profil/spieler/466810
358,https://www.transfermarkt.com/konrad-de-la-fuente/profil/spieler/466809
359,https://www.transfermarkt.com/kike-saverio/profil/spieler/388519
360,https://www.transfermarkt.com/antoine-griezmann/profil/spieler/125781
361,https://www.transfermarkt.com/martin-braithwaite/profil/spieler/95732
362,https://www.transfermarkt.com/rey-manaj/profil/spieler/308278
363,https://www.transfermarkt.com/santiago-ramos-mingo/profil/spieler/688593
364,https://www.transfermarkt.com/sergino-dest/profil/spieler/361104
365,https://www.transfermarkt.com/pedri/profil/spieler/683840
366,https://www.transfermarkt.com/ilaix-moriba/profil/spieler/617074
367,https://www.transfermarkt.com/miralem-pjanic/profil/spieler/44162
368,https://www.transfermarkt.com/matheus-fernandes/profil/spieler/351892
369,https://www.transfermarkt.com/francisco-trincao/profil/spieler/412669
370,https://www.transfermarkt.com/lazar-carevic/profil/spieler/344457
371,https://www.transfermarkt.com/eric-garcia/profil/spieler/466794
372,https://www.transfermarkt.com/arnau-comas/profil/spieler/388542
373,https://www.transfermarkt.com/mika-marmol/profil/spieler/617060
374,https://www.transfermarkt.com/alejandro-balde/profil/spieler/636688
375,https://www.transfermarkt.com/emerson-royal/profil/spieler/476344
376,https://www.transfermarkt.com/alvaro-sanz/profil/spieler/466806
377,https://www.transfermarkt.com/gavi/profil/spieler/646740
378,https://www.transfermarkt.com/nico-gonzalez/profil/spieler/466805
379,https://www.transfermarkt.com/lucas-de-vega/profil/spieler/388555
380,https://www.transfermarkt.com/ferran-torres/profil/spieler/398184
381,https://www.transfermarkt.com/abde-ezzalzouli/profil/spieler/724520
382,https://www.transfermarkt.com/estanis-pedrola/profil/spieler/913539
383,https://www.transfermarkt.com/yusuf-demir/profil/spieler/548031
384,https://www.transfermarkt.com/ilias-akhomach/profil/spieler/709969
385,https://www.transfermarkt.com/memphis-depay/profil/spieler/167850
386,https://www.transfermarkt.com/pierre-emerick-aubameyang/profil/spieler/58864
387,https://www.transfermarkt.com/luuk-de-jong/profil/spieler/72522
388,https://www.transfermarkt.com/ferran-jutgla/profil/spieler/599231
389,https://www.transfermarkt.com/sergio-aguero/profil/spieler/26399
390,https://www.transfermarkt.com/david-de-gea/profil/spieler/59377
391,https://www.transfermarkt.com/anders-lindegaard/profil/spieler/22491
392,https://www.transfermarkt.com/ben-amos/profil/spieler/73472
393,https://www.transfermarkt.com/sam-johnstone/profil/spieler/110864
394,https://www.transfermarkt.com/nemanja-vidic-lrm-/profil/spieler/19726
395,https://www.transfermarkt.com/phil-jones/profil/spieler/117996
396,https://www.transfermarkt.com/chris-smalling/profil/spieler/103427
397,https://www.transfermarkt.com/jonny-evans/profil/spieler/42412
398,https://www.transfermarkt.com/rio-ferdinand/profil/spieler/3235
399,https://www.transfermarkt.com/michael-keane/profil/spieler/118534
400,https://www.transfermarkt.com/scott-wootton/profil/spieler/128262
401,https://www.transfermarkt.com/patrice-evra/profil/spieler/5285
402,https://www.transfermarkt.com/alexander-buttner/profil/spieler/38003
403,https://www.transfermarkt.com/marnick-vermijl/profil/spieler/110798
404,https://www.transfermarkt.com/ashley-young/profil/spieler/14086
405,https://www.transfermarkt.com/antonio-valencia/profil/spieler/33544
406,https://www.transfermarkt.com/rafael/profil/spieler/61892
407,https://www.transfermarkt.com/fabio/profil/spieler/61891
408,https://www.transfermarkt.com/larnell-cole/profil/spieler/141650
409,https://www.transfermarkt.com/michael-carrick/profil/spieler/3878
410,https://www.transfermarkt.com/tom-cleverley/profil/spieler/73484
411,https://www.transfermarkt.com/anderson/profil/spieler/31645
412,https://www.transfermarkt.com/darren-fletcher/profil/spieler/3547
413,https://www.transfermarkt.com/paul-scholes/profil/spieler/3397
414,https://www.transfermarkt.com/ryan-tunnicliffe/profil/spieler/110868
415,https://www.transfermarkt.com/robbie-brady/profil/spieler/128229
416,https://www.transfermarkt.com/ryan-giggs/profil/spieler/3406
417,https://www.transfermarkt.com/shinji-kagawa/profil/spieler/81785
418,https://www.transfermarkt.com/nick-powell/profil/spieler/134424
419,https://www.transfermarkt.com/jesse-lingard/profil/spieler/141660
420,https://www.transfermarkt.com/nani/profil/spieler/33706
421,https://www.transfermarkt.com/wilfried-zaha/profil/spieler/145988
422,https://www.transfermarkt.com/adnan-januzaj/profil/spieler/177847
423,https://www.transfermarkt.com/wayne-rooney/profil/spieler/3332
424,https://www.transfermarkt.com/robin-van-persie/profil/spieler/4380
425,https://www.transfermarkt.com/danny-welbeck/profil/spieler/67063
426,https://www.transfermarkt.com/dimitar-berbatov/profil/spieler/65
427,https://www.transfermarkt.com/angelo-henriquez/profil/spieler/189740
428,https://www.transfermarkt.com/federico-macheda/profil/spieler/61887
429,https://www.transfermarkt.com/joshua-king/profil/spieler/91059
430,https://www.transfermarkt.com/marouane-fellaini/profil/spieler/39679
431,https://www.transfermarkt.com/juan-mata/profil/spieler/44068
432,https://www.transfermarkt.com/bebe/profil/spieler/153427
433,https://www.transfermarkt.com/tom-lawrence/profil/spieler/229970
434,https://www.transfermarkt.com/james-wilson/profil/spieler/214104
435,https://www.transfermarkt.com/marcos-rojo/profil/spieler/93176
436,https://www.transfermarkt.com/paddy-mcnair/profil/spieler/167268
437,https://www.transfermarkt.com/tom-thorpe/profil/spieler/128911
438,https://www.transfermarkt.com/luke-shaw/profil/spieler/183288
439,https://www.transfermarkt.com/daley-blind/profil/spieler/12282
440,https://www.transfermarkt.com/tyler-blackett/profil/spieler/134414
441,https://www.transfermarkt.com/reece-james/profil/spieler/245585
442,https://www.transfermarkt.com/saidy-janko/profil/spieler/196435
443,https://www.transfermarkt.com/ander-herrera/profil/spieler/99343
444,https://www.transfermarkt.com/andreas-pereira/profil/spieler/203394
445,https://www.transfermarkt.com/radamel-falcao/profil/spieler/39152
446,https://www.transfermarkt.com/will-keane/profil/spieler/118535
447,https://www.transfermarkt.com/sergio-romero/profil/spieler/30690
448,https://www.transfermarkt.com/joel-pereira/profil/spieler/192611
449,https://www.transfermarkt.com/dean-henderson/profil/spieler/258919
450,https://www.transfermarkt.com/ro-shaun-williams/profil/spieler/314388
451,https://www.transfermarkt.com/axel-tuanzebe/profil/spieler/342046
452,https://www.transfermarkt.com/cameron-borthwick-jackson/profil/spieler/258879
453,https://www.transfermarkt.com/matteo-darmian/profil/spieler/54906
454,https://www.transfermarkt.com/donald-love/profil/spieler/179451
455,https://www.transfermarkt.com/regan-poole/profil/spieler/340194
456,https://www.transfermarkt.com/timothy-fosu-mensah/profil/spieler/315131
457,https://www.transfermarkt.com/morgan-schneiderlin/profil/spieler/56818
458,https://www.transfermarkt.com/joe-riley/profil/spieler/387036
459,https://www.transfermarkt.com/joe-rothwell/profil/spieler/183293
460,https://www.transfermarkt.com/james-weir/profil/spieler/251058
461,https://www.transfermarkt.com/sean-goss/profil/spieler/289843
462,https://www.transfermarkt.com/marcus-rashford/profil/spieler/258923
463,https://www.transfermarkt.com/anthony-martial/profil/spieler/182877
464,https://www.transfermarkt.com/kieran-ohara/profil/spieler/289791
465,https://www.transfermarkt.com/eric-bailly/profil/spieler/286384
466,https://www.transfermarkt.com/demetri-mitchell/profil/spieler/258886
467,https://www.transfermarkt.com/scott-mctominay/profil/spieler/315969
468,https://www.transfermarkt.com/paul-pogba/profil/spieler/122153
469,https://www.transfermarkt.com/matty-willock/profil/spieler/289845
470,https://www.transfermarkt.com/henrikh-mkhitaryan/profil/spieler/55735
471,https://www.transfermarkt.com/josh-harrop/profil/spieler/289844
472,https://www.transfermarkt.com/angel-gomes/profil/spieler/392770
473,https://www.transfermarkt.com/zlatan-ibrahimovi%C4%87/profil/spieler/3455
474,https://www.transfermarkt.com/zak-dearnley/profil/spieler/396284
475,https://www.transfermarkt.com/victor-lindelof/profil/spieler/184573
476,https://www.transfermarkt.com/nemanja-mati%C4%87/profil/spieler/74683
477,https://www.transfermarkt.com/ethan-hamilton/profil/spieler/396286
478,https://www.transfermarkt.com/romelu-lukaku/profil/spieler/96341
479,https://www.transfermarkt.com/lee-grant/profil/spieler/13460
480,https://www.transfermarkt.com/brandon-williams/profil/spieler/507700
481,https://www.transfermarkt.com/diogo-dalot/profil/spieler/357147
482,https://www.transfermarkt.com/james-garner/profil/spieler/505219
483,https://www.transfermarkt.com/fred/profil/spieler/191614
484,https://www.transfermarkt.com/tahith-chong/profil/spieler/344830
485,https://www.transfermarkt.com/mason-greenwood/profil/spieler/532826
486,https://www.transfermarkt.com/matej-kovar/profil/spieler/550829
487,https://www.transfermarkt.com/harry-maguire/profil/spieler/177907
488,https://www.transfermarkt.com/max-taylor/profil/spieler/460683
489,https://www.transfermarkt.com/dishon-bernard/profil/spieler/531677
490,https://www.transfermarkt.com/teden-mengi/profil/spieler/548470
491,https://www.transfermarkt.com/aaron-wan-bissaka/profil/spieler/477758
492,https://www.transfermarkt.com/ethan-laird/profil/spieler/531679
493,https://www.transfermarkt.com/ethan-galbraith/profil/spieler/433991
494,https://www.transfermarkt.com/arnau-puigmal/profil/spieler/536030
495,https://www.transfermarkt.com/dylan-levitt/profil/spieler/496652
496,https://www.transfermarkt.com/bruno-fernandes/profil/spieler/240306
497,https://www.transfermarkt.com/largie-ramazani/profil/spieler/518644
498,https://www.transfermarkt.com/daniel-james/profil/spieler/319301
499,https://www.transfermarkt.com/odion-ighalo/profil/spieler/62121
500,https://www.transfermarkt.com/dmani-mellor/profil/spieler/531678
501,https://www.transfermarkt.com/nathan-bishop/profil/spieler/495033
502,https://www.transfermarkt.com/will-fish/profil/spieler/640245
503,https://www.transfermarkt.com/alex-telles/profil/spieler/255755
504,https://www.transfermarkt.com/donny-van-de-beek/profil/spieler/288255
505,https://www.transfermarkt.com/hannibal-mejbri/profil/spieler/607224
506,https://www.transfermarkt.com/anthony-elanga/profil/spieler/583189
507,https://www.transfermarkt.com/amad-diallo/profil/spieler/536835
508,https://www.transfermarkt.com/facundo-pellistri/profil/spieler/676318
509,https://www.transfermarkt.com/shola-shoretire/profil/spieler/640026
510,https://www.transfermarkt.com/edinson-cavani/profil/spieler/48280
511,https://www.transfermarkt.com/tom-heaton/profil/spieler/34130
512,https://www.transfermarkt.com/bjorn-hardley/profil/spieler/682562
513,https://www.transfermarkt.com/alvaro-fernandez/profil/spieler/811778
514,https://www.transfermarkt.com/charlie-savage/profil/spieler/686837
515,https://www.transfermarkt.com/zidane-iqbal/profil/spieler/686845
516,https://www.transfermarkt.com/jadon-sancho/profil/spieler/401173
517,https://www.transfermarkt.com/alejandro-garnacho/profil/spieler/811779
518,https://www.transfermarkt.com/gianluigi-buffon/profil/spieler/5023
519,https://www.transfermarkt.com/nicola-leali/profil/spieler/136111
520,https://www.transfermarkt.com/marco-storari/profil/spieler/19136
521,https://www.transfermarkt.com/laurentiu-branescu/profil/spieler/156521
522,https://www.transfermarkt.com/rubinho/profil/spieler/37598
523,https://www.transfermarkt.com/federico-gagliardini/profil/spieler/205676
524,https://www.transfermarkt.com/giorgio-chiellini/profil/spieler/29260
525,https://www.transfermarkt.com/leonardo-bonucci/profil/spieler/39983
526,https://www.transfermarkt.com/andrea-barzagli/profil/spieler/7109
527,https://www.transfermarkt.com/martin-caceres/profil/spieler/54935
528,https://www.transfermarkt.com/reto-ziegler/profil/spieler/9915
529,https://www.transfermarkt.com/luca-marrone/profil/spieler/124769
530,https://www.transfermarkt.com/lucio/profil/spieler/77
531,https://www.transfermarkt.com/alberto-masi/profil/spieler/167890
532,https://www.transfermarkt.com/daniele-rugani/profil/spieler/162959
533,https://www.transfermarkt.com/pol-garcia/profil/spieler/178217
534,https://www.transfermarkt.com/federico-peluso/profil/spieler/21763
535,https://www.transfermarkt.com/paolo-de-ceglie/profil/spieler/44709
536,https://www.transfermarkt.com/stephan-lichtsteiner/profil/spieler/2865
537,https://www.transfermarkt.com/mauricio-isla/profil/spieler/43722
538,https://www.transfermarkt.com/andrea-pirlo/profil/spieler/5817
539,https://www.transfermarkt.com/andrea-schiavone/profil/spieler/136133
540,https://www.transfermarkt.com/claudio-marchisio/profil/spieler/44716
541,https://www.transfermarkt.com/simone-padoin/profil/spieler/56703
542,https://www.transfermarkt.com/stefano-beltrame/profil/spieler/167791
543,https://www.transfermarkt.com/elvis-kabashi/profil/spieler/200057
544,https://www.transfermarkt.com/kwadwo-asamoah/profil/spieler/63531
545,https://www.transfermarkt.com/emanuele-giaccherini/profil/spieler/84835
546,https://www.transfermarkt.com/simone-pepe/profil/spieler/17249
547,https://www.transfermarkt.com/jorge-martinez/profil/spieler/55800
548,https://www.transfermarkt.com/sebastian-giovinco/profil/spieler/52312
549,https://www.transfermarkt.com/mirko-vucinic/profil/spieler/6448
550,https://www.transfermarkt.com/alessandro-matri/profil/spieler/40660
551,https://www.transfermarkt.com/fabio-quagliarella/profil/spieler/22328
552,https://www.transfermarkt.com/richmond-boakye/profil/spieler/119213
553,https://www.transfermarkt.com/nicklas-bendtner/profil/spieler/34557
554,https://www.transfermarkt.com/nicolas-anelka/profil/spieler/3226
555,https://www.transfermarkt.com/vincenzo-iaquinta/profil/spieler/5904
556,https://www.transfermarkt.com/carlo-pinsoglio/profil/spieler/75411
557,https://www.transfermarkt.com/gianmarco-vannucchi/profil/spieler/240157
558,https://www.transfermarkt.com/leonardo-citti/profil/spieler/239576
559,https://www.transfermarkt.com/angelo-ogbonna/profil/spieler/48002
560,https://www.transfermarkt.com/filippo-romagna/profil/spieler/256678
561,https://www.transfermarkt.com/filippo-penna/profil/spieler/197746
562,https://www.transfermarkt.com/marco-motta/profil/spieler/30333
563,https://www.transfermarkt.com/joel-untersee/profil/spieler/147031
564,https://www.transfermarkt.com/federico-mattiello/profil/spieler/200194
565,https://www.transfermarkt.com/fausto-rossi/profil/spieler/81743
566,https://www.transfermarkt.com/ouasim-bouy/profil/spieler/126412
567,https://www.transfermarkt.com/gabriel-pires/profil/spieler/167291
568,https://www.transfermarkt.com/marcel-buchel/profil/spieler/74956
569,https://www.transfermarkt.com/matteo-gerbaudo/profil/spieler/239584
570,https://www.transfermarkt.com/vykintas-slivka/profil/spieler/190513
571,https://www.transfermarkt.com/carlos-tevez/profil/spieler/4276
572,https://www.transfermarkt.com/fernando-llorente/profil/spieler/35564
573,https://www.transfermarkt.com/daniel-osvaldo/profil/spieler/37389
574,https://www.transfermarkt.com/younes-bnou-marzouk/profil/spieler/265573
575,https://www.transfermarkt.com/emil-audero/profil/spieler/256339
576,https://www.transfermarkt.com/giacomo-volpe/profil/spieler/340265
577,https://www.transfermarkt.com/mattia-del-favero/profil/spieler/265079
578,https://www.transfermarkt.com/roberto-pereyra/profil/spieler/112302
579,https://www.transfermarkt.com/romulo/profil/spieler/121756
580,https://www.transfermarkt.com/stefano-sturaro/profil/spieler/167859
581,https://www.transfermarkt.com/mattia-vitale/profil/spieler/291432
582,https://www.transfermarkt.com/giulio-parodi/profil/spieler/340267
583,https://www.transfermarkt.com/alex-sandro/profil/spieler/79960
584,https://www.transfermarkt.com/mario-lemina/profil/spieler/170934
585,https://www.transfermarkt.com/stefano-pellini/profil/spieler/340066
586,https://www.transfermarkt.com/andres-tello/profil/spieler/331389
587,https://www.transfermarkt.com/francesco-cassata/profil/spieler/301236
588,https://www.transfermarkt.com/juan-cuadrado/profil/spieler/91970
589,https://www.transfermarkt.com/hernanes/profil/spieler/52897
590,https://www.transfermarkt.com/paulo-dybala/profil/spieler/206050
591,https://www.transfermarkt.com/guido-vadala/profil/spieler/343504
592,https://www.transfermarkt.com/fabio-morselli/profil/spieler/347885
593,https://www.transfermarkt.com/simone-zaza/profil/spieler/96828
594,https://www.transfermarkt.com/andrea-favilli/profil/spieler/340151
595,https://www.transfermarkt.com/leonardo-loria/profil/spieler/386567
596,https://www.transfermarkt.com/luca-coccolo/profil/spieler/344655
597,https://www.transfermarkt.com/mattias-andersson/profil/spieler/342407
598,https://www.transfermarkt.com/alessandro-semprini/profil/spieler/315843
599,https://www.transfermarkt.com/tomas-rincon/profil/spieler/75942
600,https://www.transfermarkt.com/rolando-mandragora/profil/spieler/308279
601,https://www.transfermarkt.com/simone-muratore/profil/spieler/297648
602,https://www.transfermarkt.com/marko-pjaca/profil/spieler/205940
603,https://www.transfermarkt.com/mehdi-leris/profil/spieler/348601
604,https://www.transfermarkt.com/moise-kean/profil/spieler/364135
605,https://www.transfermarkt.com/wojciech-szczesny/profil/spieler/44058
606,https://www.transfermarkt.com/benedikt-howedes/profil/spieler/39020
607,https://www.transfermarkt.com/mattia-de-sciglio/profil/spieler/88682
608,https://www.transfermarkt.com/blaise-matuidi/profil/spieler/33923
609,https://www.transfermarkt.com/rodrigo-bentancur/profil/spieler/354362
610,https://www.transfermarkt.com/fabrizio-caligara/profil/spieler/386574
611,https://www.transfermarkt.com/grigoris-kastanos/profil/spieler/298635
612,https://www.transfermarkt.com/leonardo-merio/profil/spieler/386571
613,https://www.transfermarkt.com/federico-bernardeschi/profil/spieler/197300
614,https://www.transfermarkt.com/ferdinando-del-sole/profil/spieler/355479
615,https://www.transfermarkt.com/mattia-perin/profil/spieler/110923
616,https://www.transfermarkt.com/dario-del-fabro/profil/spieler/110475
617,https://www.transfermarkt.com/stefano-pellizzari/profil/spieler/312745
618,https://www.transfermarkt.com/paolo-gozzi/profil/spieler/487333
619,https://www.transfermarkt.com/leonardo-spinazzola/profil/spieler/118689
620,https://www.transfermarkt.com/rogerio/profil/spieler/401527
621,https://www.transfermarkt.com/joao-cancelo/profil/spieler/182712
622,https://www.transfermarkt.com/francesco-pezziardi/profil/spieler/455209
623,https://www.transfermarkt.com/daouda-peeters/profil/spieler/365451
624,https://www.transfermarkt.com/manolo-portanova/profil/spieler/394304
625,https://www.transfermarkt.com/hans-nicolussi-caviglia/profil/spieler/430280
626,https://www.transfermarkt.com/matheus-pereira/profil/spieler/323934
627,https://www.transfermarkt.com/nicolo-fagioli/profil/spieler/432090
628,https://www.transfermarkt.com/nicola-mosti/profil/spieler/302497
629,https://www.transfermarkt.com/stephy-mavididi/profil/spieler/340328
630,https://www.transfermarkt.com/riccardo-orsolini/profil/spieler/368482
631,https://www.transfermarkt.com/luca-clemenza/profil/spieler/291520
632,https://www.transfermarkt.com/giorgio-siani/profil/spieler/120919
633,https://www.transfermarkt.com/alberto-cerri/profil/spieler/197751
634,https://www.transfermarkt.com/leonardo-mancuso/profil/spieler/160344
635,https://www.transfermarkt.com/eric-lanini/profil/spieler/199635
636,https://www.transfermarkt.com/stefano-padovan/profil/spieler/30263
637,https://www.transfermarkt.com/alhassane-soumah/profil/spieler/286373
638,https://www.transfermarkt.com/davide-cais/profil/spieler/176463
639,https://www.transfermarkt.com/pablo-moreno/profil/spieler/466811
640,https://www.transfermarkt.com/matthijs-de-ligt/profil/spieler/326031
641,https://www.transfermarkt.com/merih-demiral/profil/spieler/340879
642,https://www.transfermarkt.com/pietro-beruatto/profil/spieler/381370
643,https://www.transfermarkt.com/gianluca-frabotta/profil/spieler/386755
644,https://www.transfermarkt.com/wesley-gasolina/profil/spieler/371967
645,https://www.transfermarkt.com/aaron-ramsey/profil/spieler/50057
646,https://www.transfermarkt.com/adrien-rabiot/profil/spieler/182913
647,https://www.transfermarkt.com/marco-olivieri/profil/spieler/346562
648,https://www.transfermarkt.com/luca-zanimacchia/profil/spieler/407265
649,https://www.transfermarkt.com/kwang-song-han/profil/spieler/402193
650,https://www.transfermarkt.com/giacomo-vrioni/profil/spieler/363178
651,https://www.transfermarkt.com/franco-israel/profil/spieler/492319
652,https://www.transfermarkt.com/giovanni-garofani/profil/spieler/564792
653,https://www.transfermarkt.com/radu-dragusin/profil/spieler/568559
654,https://www.transfermarkt.com/koni-de-winter/profil/spieler/490384
655,https://www.transfermarkt.com/alessandro-pio-riccio/profil/spieler/487835
656,https://www.transfermarkt.com/riccardo-capellini/profil/spieler/406842
657,https://www.transfermarkt.com/davide-de-marino/profil/spieler/459535
658,https://www.transfermarkt.com/alessandro-di-pardo/profil/spieler/457674
659,https://www.transfermarkt.com/weston-mckennie/profil/spieler/332697
660,https://www.transfermarkt.com/filippo-ranocchia/profil/spieler/489611
661,https://www.transfermarkt.com/hamza-rafia/profil/spieler/418571
662,https://www.transfermarkt.com/marley-ake/profil/spieler/682032
663,https://www.transfermarkt.com/felix-correia/profil/spieler/479648
664,https://www.transfermarkt.com/federico-chiesa/profil/spieler/341092
665,https://www.transfermarkt.com/dejan-kulusevski/profil/spieler/431755
666,https://www.transfermarkt.com/cosimo-marco-da-graca/profil/spieler/564795
667,https://www.transfermarkt.com/alejandro-marques/profil/spieler/525602
668,https://www.transfermarkt.com/zsombor-senko/profil/spieler/663519
669,https://www.transfermarkt.com/marco-raina/profil/spieler/494301
670,https://www.transfermarkt.com/diego-stramaccioni/profil/spieler/536341
671,https://www.transfermarkt.com/luca-pellegrini/profil/spieler/346567
672,https://www.transfermarkt.com/manuel-locatelli/profil/spieler/265088
673,https://www.transfermarkt.com/denis-zakaria/profil/spieler/334526
674,https://www.transfermarkt.com/fabio-miretti/profil/spieler/571607
675,https://www.transfermarkt.com/emanuele-zuelli/profil/spieler/477556
676,https://www.transfermarkt.com/martin-palumbo/profil/spieler/617170
677,https://www.transfermarkt.com/samuel-iling-junior/profil/spieler/581672
678,https://www.transfermarkt.com/matias-soule/profil/spieler/668951
679,https://www.transfermarkt.com/dusan-vlahovic/profil/spieler/357498
680,https://www.transfermarkt.com/kaio-jorge/profil/spieler/620477
681,https://www.transfermarkt.com/petr-cech/profil/spieler/5658
682,https://www.transfermarkt.com/ross-turnbull/profil/spieler/29159
683,https://www.transfermarkt.com/hilario/profil/spieler/13886
684,https://www.transfermarkt.com/david-luiz/profil/spieler/46741
685,https://www.transfermarkt.com/gary-cahill/profil/spieler/27511
686,https://www.transfermarkt.com/john-terry/profil/spieler/3160
687,https://www.transfermarkt.com/nathan-ake/profil/spieler/177476
688,https://www.transfermarkt.com/andreas-christensen/profil/spieler/196948
689,https://www.transfermarkt.com/ashley-cole/profil/spieler/3182
690,https://www.transfermarkt.com/ryan-bertrand/profil/spieler/40611
691,https://www.transfermarkt.com/branislav-ivanovic/profil/spieler/36827
692,https://www.transfermarkt.com/cesar-azpilicueta/profil/spieler/57500
693,https://www.transfermarkt.com/paulo-ferreira/profil/spieler/9832
694,https://www.transfermarkt.com/mikel-john-obi/profil/spieler/30739
695,https://www.transfermarkt.com/oriol-romeu/profil/spieler/66100
696,https://www.transfermarkt.com/nathaniel-chalobah/profil/spieler/128900
697,https://www.transfermarkt.com/ramires/profil/spieler/54170
698,https://www.transfermarkt.com/raul-meireles/profil/spieler/13168
699,https://www.transfermarkt.com/josh-mceachran/profil/spieler/128905
700,https://www.transfermarkt.com/frank-lampard/profil/spieler/3163
701,https://www.transfermarkt.com/george-saville/profil/spieler/141573
702,https://www.transfermarkt.com/victor-moses/profil/spieler/59866
703,https://www.transfermarkt.com/oscar/profil/spieler/85314
704,https://www.transfermarkt.com/marko-marin/profil/spieler/35251
705,https://www.transfermarkt.com/lucas-piazon/profil/spieler/176485
706,https://www.transfermarkt.com/florent-malouda/profil/spieler/5461
707,https://www.transfermarkt.com/yossi-benayoun/profil/spieler/7858
708,https://www.transfermarkt.com/fernando-torres/profil/spieler/7767
709,https://www.transfermarkt.com/demba-ba/profil/spieler/40205
710,https://www.transfermarkt.com/daniel-sturridge/profil/spieler/47082
711,https://www.transfermarkt.com/mark-schwarzer/profil/spieler/3357
712,https://www.transfermarkt.com/matej-delac/profil/spieler/60220
713,https://www.transfermarkt.com/jamal-blackman/profil/spieler/128898
714,https://www.transfermarkt.com/kurt-zouma/profil/spieler/157509
715,https://www.transfermarkt.com/tomas-kalas/profil/spieler/148657
716,https://www.transfermarkt.com/patrick-van-aanholt/profil/spieler/52119
717,https://www.transfermarkt.com/cristian-cuevas/profil/spieler/186863
718,https://www.transfermarkt.com/wallace-oliveira/profil/spieler/181779
719,https://www.transfermarkt.com/marco-van-ginkel/profil/spieler/147034
720,https://www.transfermarkt.com/john-swift/profil/spieler/197693
721,https://www.transfermarkt.com/lewis-baker/profil/spieler/198589
722,https://www.transfermarkt.com/kevin-de-bruyne/profil/spieler/88755
723,https://www.transfermarkt.com/gael-kakuta/profil/spieler/74297
724,https://www.transfermarkt.com/ulises-davila/profil/spieler/108820
725,https://www.transfermarkt.com/willian/profil/spieler/52769
726,https://www.transfermarkt.com/andre-schurrle/profil/spieler/58205
727,https://www.transfermarkt.com/thorgan-hazard/profil/spieler/102226
728,https://www.transfermarkt.com/christian-atsu/profil/spieler/186997
729,https://www.transfermarkt.com/mohamed-salah/profil/spieler/148455
730,https://www.transfermarkt.com/bertrand-traore/profil/spieler/131996
731,https://www.transfermarkt.com/samuel-etoo/profil/spieler/4257
732,https://www.transfermarkt.com/patrick-bamford/profil/spieler/183334
733,https://www.transfermarkt.com/stipe-perica/profil/spieler/245072
734,https://www.transfermarkt.com/mitchell-beeney/profil/spieler/214113
735,https://www.transfermarkt.com/kenneth-omeruo/profil/spieler/131708
736,https://www.transfermarkt.com/filipe-luis/profil/spieler/21725
737,https://www.transfermarkt.com/ruben-loftus-cheek/profil/spieler/202886
738,https://www.transfermarkt.com/jeremie-boga/profil/spieler/216569
739,https://www.transfermarkt.com/izzy-brown/profil/spieler/245805
740,https://www.transfermarkt.com/diego-costa/profil/spieler/44779
741,https://www.transfermarkt.com/loic-remy/profil/spieler/45121
742,https://www.transfermarkt.com/didier-drogba/profil/spieler/3924
743,https://www.transfermarkt.com/dominic-solanke/profil/spieler/258889
744,https://www.transfermarkt.com/asmir-begovic/profil/spieler/33873
745,https://www.transfermarkt.com/marco-amelia/profil/spieler/16810
746,https://www.transfermarkt.com/papy-djilobodji/profil/spieler/136610
747,https://www.transfermarkt.com/michael-hector/profil/spieler/157490
748,https://www.transfermarkt.com/matt-miazga/profil/spieler/245893
749,https://www.transfermarkt.com/fikayo-tomori/profil/spieler/303254
750,https://www.transfermarkt.com/jake-clarke-salter/profil/spieler/316551
751,https://www.transfermarkt.com/abdul-rahman-baba/profil/spieler/224884
752,https://www.transfermarkt.com/ola-aina/profil/spieler/236490
753,https://www.transfermarkt.com/charlie-colkett/profil/spieler/236496
754,https://www.transfermarkt.com/kasey-palmer/profil/spieler/258216
755,https://www.transfermarkt.com/kenedy/profil/spieler/281404
756,https://www.transfermarkt.com/alexandre-pato/profil/spieler/37579
757,https://www.transfermarkt.com/tammy-abraham/profil/spieler/331726
758,https://www.transfermarkt.com/eduardo/profil/spieler/34159
759,https://www.transfermarkt.com/marcos-alonso/profil/spieler/112515
760,https://www.transfermarkt.com/todd-kane/profil/spieler/154287
761,https://www.transfermarkt.com/ngolo-kante/profil/spieler/225083
762,https://www.transfermarkt.com/victorien-angban/profil/spieler/178314
763,https://www.transfermarkt.com/mario-pasalic/profil/spieler/205938
764,https://www.transfermarkt.com/nathan/profil/spieler/294798
765,https://www.transfermarkt.com/danilo-pantic/profil/spieler/222830
766,https://www.transfermarkt.com/michy-batshuayi/profil/spieler/179184
767,https://www.transfermarkt.com/willy-caballero/profil/spieler/19948
768,https://www.transfermarkt.com/antonio-rudiger/profil/spieler/86202
769,https://www.transfermarkt.com/ethan-ampadu/profil/spieler/392771
770,https://www.transfermarkt.com/trevoh-chalobah/profil/spieler/346314
771,https://www.transfermarkt.com/emerson/profil/spieler/181778
772,https://www.transfermarkt.com/davide-zappacosta/profil/spieler/173859
773,https://www.transfermarkt.com/dujon-sterling/profil/spieler/346315
774,https://www.transfermarkt.com/tiemoue-bakayoko/profil/spieler/182618
775,https://www.transfermarkt.com/ross-barkley/profil/spieler/131978
776,https://www.transfermarkt.com/danny-drinkwater/profil/spieler/73491
777,https://www.transfermarkt.com/kyle-scott/profil/spieler/258888
778,https://www.transfermarkt.com/charly-musonda-jr-/profil/spieler/177862
779,https://www.transfermarkt.com/callum-hudson-odoi/profil/spieler/392768
780,https://www.transfermarkt.com/olivier-giroud/profil/spieler/82442
781,https://www.transfermarkt.com/kepa-arrizabalaga/profil/spieler/192279
782,https://www.transfermarkt.com/rob-green/profil/spieler/11680
783,https://www.transfermarkt.com/jamie-cumming/profil/spieler/396859
784,https://www.transfermarkt.com/marcin-bulka/profil/spieler/465955
785,https://www.transfermarkt.com/marc-guehi/profil/spieler/392757
786,https://www.transfermarkt.com/jorginho/profil/spieler/102017
787,https://www.transfermarkt.com/conor-gallagher/profil/spieler/488362
788,https://www.transfermarkt.com/george-mceachran/profil/spieler/392766
789,https://www.transfermarkt.com/christian-pulisic/profil/spieler/315779
790,https://www.transfermarkt.com/dynel-simeu/profil/spieler/503976
791,https://www.transfermarkt.com/ian-maatsen/profil/spieler/485585
792,https://www.transfermarkt.com/reece-james/profil/spieler/472423
793,https://www.transfermarkt.com/tariq-lamptey/profil/spieler/504148
794,https://www.transfermarkt.com/henry-lawrence/profil/spieler/580765
795,https://www.transfermarkt.com/billy-gilmour/profil/spieler/423744
796,https://www.transfermarkt.com/lewis-bate/profil/spieler/587003
797,https://www.transfermarkt.com/mason-mount/profil/spieler/346483
798,https://www.transfermarkt.com/tino-anjorin/profil/spieler/433181
799,https://www.transfermarkt.com/armando-broja/profil/spieler/571743
800,https://www.transfermarkt.com/edouard-mendy/profil/spieler/442531
801,https://www.transfermarkt.com/nathan-baxter/profil/spieler/342050
802,https://www.transfermarkt.com/karlo-ziger/profil/spieler/526258
803,https://www.transfermarkt.com/thiago-silva/profil/spieler/29241
804,https://www.transfermarkt.com/ben-chilwell/profil/spieler/316125
805,https://www.transfermarkt.com/tino-livramento/profil/spieler/503981
806,https://www.transfermarkt.com/kai-havertz/profil/spieler/309400
807,https://www.transfermarkt.com/hakim-ziyech/profil/spieler/217111
808,https://www.transfermarkt.com/timo-werner/profil/spieler/170527
809,https://www.transfermarkt.com/marcus-bettinelli/profil/spieler/116648
810,https://www.transfermarkt.com/lucas-bergstrom/profil/spieler/490606
811,https://www.transfermarkt.com/teddy-sharman-lowe/profil/spieler/731466
812,https://www.transfermarkt.com/malang-sarr/profil/spieler/344596
813,https://www.transfermarkt.com/xavier-mbuyamba/profil/spieler/640432
814,https://www.transfermarkt.com/dylan-williams/profil/spieler/732117
815,https://www.transfermarkt.com/lewis-hall/profil/spieler/670858
816,https://www.transfermarkt.com/xavier-simons/profil/spieler/599739
817,https://www.transfermarkt.com/saul-niguez/profil/spieler/148928
818,https://www.transfermarkt.com/charlie-webster/profil/spieler/697278
819,https://www.transfermarkt.com/harvey-vale/profil/spieler/581675
820,https://www.transfermarkt.com/jude-soonsup-bell/profil/spieler/670857
821,https://www.transfermarkt.com/brad-jones/profil/spieler/4042
822,https://www.transfermarkt.com/peter-gulacsi/profil/spieler/57071
823,https://www.transfermarkt.com/danny-ward/profil/spieler/203026
824,https://www.transfermarkt.com/daniel-agger/profil/spieler/22832
825,https://www.transfermarkt.com/martin-skrtel/profil/spieler/24180
826,https://www.transfermarkt.com/sebastian-coates/profil/spieler/102427
827,https://www.transfermarkt.com/danny-wilson/profil/spieler/103819
828,https://www.transfermarkt.com/jamie-carragher/profil/spieler/3597
829,https://www.transfermarkt.com/conor-coady/profil/spieler/128901
830,https://www.transfermarkt.com/jack-robinson/profil/spieler/128909
831,https://www.transfermarkt.com/stephen-sama/profil/spieler/86204
832,https://www.transfermarkt.com/lloyd-jones/profil/spieler/244040
833,https://www.transfermarkt.com/jose-enrique/profil/spieler/35571
834,https://www.transfermarkt.com/glen-johnson/profil/spieler/3881
835,https://www.transfermarkt.com/martin-kelly/profil/spieler/78959
836,https://www.transfermarkt.com/andre-wisdom/profil/spieler/128912
837,https://www.transfermarkt.com/jon-flanagan/profil/spieler/145922
838,https://www.transfermarkt.com/lucas-leiva/profil/spieler/41414
839,https://www.transfermarkt.com/nuri-sahin/profil/spieler/31095
840,https://www.transfermarkt.com/jay-spearing/profil/spieler/52111
841,https://www.transfermarkt.com/joe-allen/profil/spieler/51452
842,https://www.transfermarkt.com/steven-gerrard/profil/spieler/3109
843,https://www.transfermarkt.com/jordan-henderson/profil/spieler/61651
844,https://www.transfermarkt.com/jonjo-shelvey/profil/spieler/71292
845,https://www.transfermarkt.com/charlie-adam/profil/spieler/28990
846,https://www.transfermarkt.com/stewart-downing/profil/spieler/4063
847,https://www.transfermarkt.com/joe-cole/profil/spieler/3876
848,https://www.transfermarkt.com/dani-pacheco/profil/spieler/28285
849,https://www.transfermarkt.com/fabio-borini/profil/spieler/96754
850,https://www.transfermarkt.com/raheem-sterling/profil/spieler/134425
851,https://www.transfermarkt.com/oussama-assaidi/profil/spieler/57275
852,https://www.transfermarkt.com/suso/profil/spieler/111961
853,https://www.transfermarkt.com/jordon-ibe/profil/spieler/195652
854,https://www.transfermarkt.com/andy-carroll/profil/spieler/48066
855,https://www.transfermarkt.com/samed-yesil/profil/spieler/95295
856,https://www.transfermarkt.com/adam-morgan/profil/spieler/175737
857,https://www.transfermarkt.com/jerome-sinclair/profil/spieler/236513
858,https://www.transfermarkt.com/simon-mignolet/profil/spieler/50219
859,https://www.transfermarkt.com/mamadou-sakho/profil/spieler/47713
860,https://www.transfermarkt.com/aly-cissokho/profil/spieler/57515
861,https://www.transfermarkt.com/tiago-ilori/profil/spieler/177859
862,https://www.transfermarkt.com/kolo-toure/profil/spieler/3202
863,https://www.transfermarkt.com/brad-smith/profil/spieler/175745
864,https://www.transfermarkt.com/jordan-rossiter/profil/spieler/258924
865,https://www.transfermarkt.com/luis-alberto/profil/spieler/128220
866,https://www.transfermarkt.com/cameron-brannagan/profil/spieler/261357
867,https://www.transfermarkt.com/krisztian-adorjan/profil/spieler/143219
868,https://www.transfermarkt.com/joao-carlos-teixeira/profil/spieler/132214
869,https://www.transfermarkt.com/iago-aspas/profil/spieler/72047
870,https://www.transfermarkt.com/dejan-lovren/profil/spieler/37838
871,https://www.transfermarkt.com/alberto-moreno/profil/spieler/207917
872,https://www.transfermarkt.com/javier-manquillo/profil/spieler/162029
873,https://www.transfermarkt.com/mj-williams/profil/spieler/279454
874,https://www.transfermarkt.com/adam-lallana/profil/spieler/43530
875,https://www.transfermarkt.com/lazar-markovic/profil/spieler/144303
876,https://www.transfermarkt.com/sheyi-ojo/profil/spieler/236510
877,https://www.transfermarkt.com/mario-balotelli/profil/spieler/45146
878,https://www.transfermarkt.com/rickie-lambert/profil/spieler/49655
879,https://www.transfermarkt.com/adam-bogdan/profil/spieler/55247
880,https://www.transfermarkt.com/lawrence-vigouroux/profil/spieler/243591
881,https://www.transfermarkt.com/ryan-fulton/profil/spieler/193861
882,https://www.transfermarkt.com/steven-caulker/profil/spieler/121280
883,https://www.transfermarkt.com/joe-gomez/profil/spieler/256178
884,https://www.transfermarkt.com/dan-cleary/profil/spieler/264193
885,https://www.transfermarkt.com/conor-masterson/profil/spieler/293784
886,https://www.transfermarkt.com/joe-maguire/profil/spieler/263556
887,https://www.transfermarkt.com/nathaniel-clyne/profil/spieler/85177
888,https://www.transfermarkt.com/connor-randall/profil/spieler/262545
889,https://www.transfermarkt.com/kevin-stewart/profil/spieler/200782
890,https://www.transfermarkt.com/james-milner/profil/spieler/3333
891,https://www.transfermarkt.com/pedro-chirivella/profil/spieler/242273
892,https://www.transfermarkt.com/ryan-kent/profil/spieler/279457
893,https://www.transfermarkt.com/sergi-canos/profil/spieler/251845
894,https://www.transfermarkt.com/roberto-firmino/profil/spieler/131789
895,https://www.transfermarkt.com/christian-benteke/profil/spieler/50201
896,https://www.transfermarkt.com/danny-ings/profil/spieler/134294
897,https://www.transfermarkt.com/divock-origi/profil/spieler/148368
898,https://www.transfermarkt.com/loris-karius/profil/spieler/85864
899,https://www.transfermarkt.com/alexander-manninger/profil/spieler/5278
900,https://www.transfermarkt.com/joel-matip/profil/spieler/82105
901,https://www.transfermarkt.com/ragnar-klavan/profil/spieler/26669
902,https://www.transfermarkt.com/trent-alexander-arnold/profil/spieler/314353
903,https://www.transfermarkt.com/marko-gruji%C4%87/profil/spieler/222813
904,https://www.transfermarkt.com/georginio-wijnaldum/profil/spieler/49499
905,https://www.transfermarkt.com/paulinho/profil/spieler/372670
906,https://www.transfermarkt.com/ovie-ejaria/profil/spieler/337284
907,https://www.transfermarkt.com/ben-woodburn/profil/spieler/344015
908,https://www.transfermarkt.com/sadio-mane/profil/spieler/200512
909,https://www.transfermarkt.com/harry-wilson/profil/spieler/279455
910,https://www.transfermarkt.com/rhian-brewster/profil/spieler/406560
911,https://www.transfermarkt.com/virgil-van-dijk/profil/spieler/139208
912,https://www.transfermarkt.com/andrew-robertson/profil/spieler/234803
913,https://www.transfermarkt.com/alex-oxlade-chamberlain/profil/spieler/143424
914,https://www.transfermarkt.com/curtis-jones/profil/spieler/433188
915,https://www.transfermarkt.com/alisson/profil/spieler/105470
916,https://www.transfermarkt.com/kamil-grabara/profil/spieler/346551
917,https://www.transfermarkt.com/caoimhin-kelleher/profil/spieler/340918
918,https://www.transfermarkt.com/ki-jana-hoever/profil/spieler/485583
919,https://www.transfermarkt.com/naby-keita/profil/spieler/302215
920,https://www.transfermarkt.com/isaac-christie-davies/profil/spieler/264660
921,https://www.transfermarkt.com/rafael-camacho/profil/spieler/400831
922,https://www.transfermarkt.com/adrian/profil/spieler/71271
923,https://www.transfermarkt.com/andy-lonergan/profil/spieler/14044
924,https://www.transfermarkt.com/vitezslav-jaros/profil/spieler/486604
925,https://www.transfermarkt.com/ben-winterbottom/profil/spieler/505046
926,https://www.transfermarkt.com/sepp-van-den-berg/profil/spieler/541231
927,https://www.transfermarkt.com/nathaniel-phillips/profil/spieler/371814
928,https://www.transfermarkt.com/tom-clayton/profil/spieler/546194
929,https://www.transfermarkt.com/morgan-boyes/profil/spieler/554250
930,https://www.transfermarkt.com/billy-koumetio/profil/spieler/696324
931,https://www.transfermarkt.com/yasser-larouci/profil/spieler/554251
932,https://www.transfermarkt.com/tony-gallacher/profil/spieler/344579
933,https://www.transfermarkt.com/adam-lewis/profil/spieler/347481
934,https://www.transfermarkt.com/james-norris/profil/spieler/618495
935,https://www.transfermarkt.com/neco-williams/profil/spieler/503680
936,https://www.transfermarkt.com/leighton-clarkson/profil/spieler/470606
937,https://www.transfermarkt.com/herbie-kane/profil/spieler/314253
938,https://www.transfermarkt.com/elijah-dixon-bonner/profil/spieler/433180
939,https://www.transfermarkt.com/jake-cain/profil/spieler/565420
940,https://www.transfermarkt.com/tom-hill/profil/spieler/655990
941,https://www.transfermarkt.com/harvey-elliott/profil/spieler/565822
942,https://www.transfermarkt.com/takumi-minamino/profil/spieler/165793
943,https://www.transfermarkt.com/liam-millar/profil/spieler/487417
944,https://www.transfermarkt.com/luis-longstaff/profil/spieler/433182
945,https://www.transfermarkt.com/jack-bearne/profil/spieler/565419
946,https://www.transfermarkt.com/joe-hardy/profil/spieler/382555
947,https://www.transfermarkt.com/layton-stewart/profil/spieler/580801
948,https://www.transfermarkt.com/liam-hughes/profil/spieler/494284
949,https://www.transfermarkt.com/jakub-ojrzynski/profil/spieler/540630
950,https://www.transfermarkt.com/harvey-davies/profil/spieler/706815
951,https://www.transfermarkt.com/ozan-kabak/profil/spieler/361260
952,https://www.transfermarkt.com/rhys-williams/profil/spieler/503679
953,https://www.transfermarkt.com/ben-davies/profil/spieler/257097
954,https://www.transfermarkt.com/konstantinos-tsimikas/profil/spieler/338070
955,https://www.transfermarkt.com/diogo-jota/profil/spieler/340950
956,https://www.transfermarkt.com/marcelo-pitaluga/profil/spieler/662334
957,https://www.transfermarkt.com/ibrahima-konate/profil/spieler/357119
958,https://www.transfermarkt.com/jarell-quansah/profil/spieler/632349
959,https://www.transfermarkt.com/owen-beck/profil/spieler/551001
960,https://www.transfermarkt.com/conor-bradley/profil/spieler/624258
961,https://www.transfermarkt.com/isaac-mabaya/profil/spieler/670843
962,https://www.transfermarkt.com/tyler-morton/profil/spieler/618494
963,https://www.transfermarkt.com/melkamu-frauendorf/profil/spieler/594721
964,https://www.transfermarkt.com/james-balagizi/profil/spieler/655987
965,https://www.transfermarkt.com/luis-diaz/profil/spieler/480692
966,https://www.transfermarkt.com/kaide-gordon/profil/spieler/732119
967,https://www.transfermarkt.com/harvey-blair/profil/spieler/707164
968,https://www.transfermarkt.com/max-woltman/profil/spieler/696326
969,https://www.transfermarkt.com/joe-hart/profil/spieler/40204
970,https://www.transfermarkt.com/costel-pantilimon/profil/spieler/47659
971,https://www.transfermarkt.com/richard-wright/profil/spieler/3120
972,https://www.transfermarkt.com/eirik-johansen/profil/spieler/121387
973,https://www.transfermarkt.com/vincent-kompany/profil/spieler/9594
974,https://www.transfermarkt.com/matija-nastasi%C4%87/profil/spieler/143559
975,https://www.transfermarkt.com/joleon-lescott/profil/spieler/4241
976,https://www.transfermarkt.com/stefan-savic/profil/spieler/107010
977,https://www.transfermarkt.com/karim-rekik/profil/spieler/182579
978,https://www.transfermarkt.com/dedryck-boyata/profil/spieler/88262
979,https://www.transfermarkt.com/courtney-meppen-walter/profil/spieler/181548
980,https://www.transfermarkt.com/gael-clichy/profil/spieler/7449
981,https://www.transfermarkt.com/aleksandar-kolarov/profil/spieler/46156
982,https://www.transfermarkt.com/wayne-bridge/profil/spieler/3682
983,https://www.transfermarkt.com/micah-richards/profil/spieler/32617
984,https://www.transfermarkt.com/pablo-zabaleta/profil/spieler/20007
985,https://www.transfermarkt.com/maicon/profil/spieler/18301
986,https://www.transfermarkt.com/javi-garcia/profil/spieler/36350
987,https://www.transfermarkt.com/jack-rodwell/profil/spieler/57079
988,https://www.transfermarkt.com/gareth-barry/profil/spieler/3291
989,https://www.transfermarkt.com/nigel-de-jong/profil/spieler/4672
990,https://www.transfermarkt.com/george-evans/profil/spieler/181498
991,https://www.transfermarkt.com/yaya-toure/profil/spieler/13091
992,https://www.transfermarkt.com/abdisalam-ibrahim/profil/spieler/121406
993,https://www.transfermarkt.com/abdul-razak/profil/spieler/177321
994,https://www.transfermarkt.com/jeremy-helan/profil/spieler/103261
995,https://www.transfermarkt.com/david-silva/profil/spieler/35518
996,https://www.transfermarkt.com/samir-nasri/profil/spieler/18935
997,https://www.transfermarkt.com/scott-sinclair/profil/spieler/31552
998,https://www.transfermarkt.com/luca-scapuzzi/profil/spieler/88709
999,https://www.transfermarkt.com/adam-johnson/profil/spieler/31579
1000,https://www.transfermarkt.com/rony-lopes/profil/spieler/174694
1001,https://www.transfermarkt.com/edin-dzeko/profil/spieler/28396
1002,https://www.transfermarkt.com/john-guidetti/profil/spieler/98596
1003,https://www.transfermarkt.com/alex-nimely/profil/spieler/121410
1004,https://www.transfermarkt.com/martin-demichelis/profil/spieler/2963
1005,https://www.transfermarkt.com/jesus-navas/profil/spieler/15956
1006,https://www.transfermarkt.com/fernandinho/profil/spieler/26267
1007,https://www.transfermarkt.com/emyr-huws/profil/spieler/121474
1008,https://www.transfermarkt.com/alvaro-negredo/profil/spieler/18644
1009,https://www.transfermarkt.com/stevan-jovetic/profil/spieler/46104
1010,https://www.transfermarkt.com/eliaquim-mangala/profil/spieler/90681
1011,https://www.transfermarkt.com/angelino/profil/spieler/277179
1012,https://www.transfermarkt.com/bacary-sagna/profil/spieler/26764
1013,https://www.transfermarkt.com/fernando/profil/spieler/51174
1014,https://www.transfermarkt.com/bruno-zuculini/profil/spieler/115507
1015,https://www.transfermarkt.com/george-glendon/profil/spieler/201570
1016,https://www.transfermarkt.com/sinan-bytyqi/profil/spieler/186790
1017,https://www.transfermarkt.com/jose-pozo/profil/spieler/195605
1018,https://www.transfermarkt.com/bersant-celina/profil/spieler/229695
1019,https://www.transfermarkt.com/wilfried-bony/profil/spieler/81808
1020,https://www.transfermarkt.com/thierry-ambrose/profil/spieler/265763
1021,https://www.transfermarkt.com/nicolas-otamendi/profil/spieler/54781
1022,https://www.transfermarkt.com/jason-denayer/profil/spieler/277114
1023,https://www.transfermarkt.com/tosin-adarabioyo/profil/spieler/258878
1024,https://www.transfermarkt.com/cameron-humphreys/profil/spieler/277723
1025,https://www.transfermarkt.com/pablo-maffeo/profil/spieler/251876
1026,https://www.transfermarkt.com/james-horsfield/profil/spieler/210202
1027,https://www.transfermarkt.com/luke-brattan/profil/spieler/114365
1028,https://www.transfermarkt.com/fabian-delph/profil/spieler/50362
1029,https://www.transfermarkt.com/aleix-garcia/profil/spieler/261504
1030,https://www.transfermarkt.com/manu-garcia/profil/spieler/277118
1031,https://www.transfermarkt.com/brandon-barker/profil/spieler/214927
1032,https://www.transfermarkt.com/patrick-roberts/profil/spieler/225452
1033,https://www.transfermarkt.com/kelechi-iheanacho/profil/spieler/295330
1034,https://www.transfermarkt.com/david-faupala/profil/spieler/272624
1035,https://www.transfermarkt.com/angus-gunn/profil/spieler/201574
1036,https://www.transfermarkt.com/john-stones/profil/spieler/186590
1037,https://www.transfermarkt.com/oleksandr-zinchenko/profil/spieler/203853
1038,https://www.transfermarkt.com/ilkay-gundogan/profil/spieler/53622
1039,https://www.transfermarkt.com/phil-foden/profil/spieler/406635
1040,https://www.transfermarkt.com/nolito/profil/spieler/70934
1041,https://www.transfermarkt.com/gabriel-jesus/profil/spieler/363205
1042,https://www.transfermarkt.com/ederson/profil/spieler/238223
1043,https://www.transfermarkt.com/aymeric-laporte/profil/spieler/176553
1044,https://www.transfermarkt.com/benjamin-mendy/profil/spieler/157495
1045,https://www.transfermarkt.com/kyle-walker/profil/spieler/95424
1046,https://www.transfermarkt.com/demeaco-duhaney/profil/spieler/380913
1047,https://www.transfermarkt.com/tom-dele-bashiru/profil/spieler/346472
1048,https://www.transfermarkt.com/bernardo-silva/profil/spieler/241641
1049,https://www.transfermarkt.com/jack-harrison/profil/spieler/417346
1050,https://www.transfermarkt.com/lukas-nmecha/profil/spieler/314288
1051,https://www.transfermarkt.com/arijanet-muric/profil/spieler/371021
1052,https://www.transfermarkt.com/daniel-grimshaw/profil/spieler/339253
1053,https://www.transfermarkt.com/philippe-sandler/profil/spieler/340460
1054,https://www.transfermarkt.com/pablo-mari/profil/spieler/210178
1055,https://www.transfermarkt.com/erik-palmer-brown/profil/spieler/282199
1056,https://www.transfermarkt.com/claudio-gomes/profil/spieler/395239
1057,https://www.transfermarkt.com/douglas-luiz/profil/spieler/447661
1058,https://www.transfermarkt.com/mix-diskerud/profil/spieler/103559
1059,https://www.transfermarkt.com/anthony-caceres/profil/spieler/226739
1060,https://www.transfermarkt.com/adrian-bernabe/profil/spieler/466802
1061,https://www.transfermarkt.com/taylor-richards/profil/spieler/484551
1062,https://www.transfermarkt.com/luke-bolton/profil/spieler/382553
1063,https://www.transfermarkt.com/luka-ilic/profil/spieler/429790
1064,https://www.transfermarkt.com/felix-nmecha/profil/spieler/406640
1065,https://www.transfermarkt.com/riyad-mahrez/profil/spieler/171424
1066,https://www.transfermarkt.com/marlos-moreno/profil/spieler/345654
1067,https://www.transfermarkt.com/ian-poveda/profil/spieler/392763
1068,https://www.transfermarkt.com/scott-carson/profil/spieler/14555
1069,https://www.transfermarkt.com/taylor-harwood-bellis/profil/spieler/503977
1070,https://www.transfermarkt.com/alpha-diounkou/profil/spieler/554175
1071,https://www.transfermarkt.com/rodri/profil/spieler/357565
1072,https://www.transfermarkt.com/tommy-doyle/profil/spieler/433183
1073,https://www.transfermarkt.com/cole-palmer/profil/spieler/568177
1074,https://www.transfermarkt.com/ryotaro-meshino/profil/spieler/426666
1075,https://www.transfermarkt.com/zack-steffen/profil/spieler/221624
1076,https://www.transfermarkt.com/james-trafford/profil/spieler/566799
1077,https://www.transfermarkt.com/ruben-dias/profil/spieler/258004
1078,https://www.transfermarkt.com/luke-mbete/profil/spieler/609883
1079,https://www.transfermarkt.com/liam-delap/profil/spieler/610849
1080,https://www.transfermarkt.com/cieran-slicker/profil/spieler/621997
1081,https://www.transfermarkt.com/cj-egan-riley/profil/spieler/581669
1082,https://www.transfermarkt.com/finley-burns/profil/spieler/581681
1083,https://www.transfermarkt.com/josh-wilson-esbrand/profil/spieler/576121
1084,https://www.transfermarkt.com/yan-couto/profil/spieler/627228
1085,https://www.transfermarkt.com/romeo-lavia/profil/spieler/628451
1086,https://www.transfermarkt.com/james-mcatee/profil/spieler/583199
1087,https://www.transfermarkt.com/jack-grealish/profil/spieler/203460
1088,https://www.transfermarkt.com/samuel-edozie/profil/spieler/680806
1089,https://www.transfermarkt.com/kayky/profil/spieler/668265
1090,https://www.transfermarkt.com/ben-knight/profil/spieler/568007
1091,https://www.transfermarkt.com/oscar-bobb/profil/spieler/661207
1092,https://www.transfermarkt.com/salvatore-sirigu/profil/spieler/25508
1093,https://www.transfermarkt.com/nicolas-douchez/profil/spieler/18036
1094,https://www.transfermarkt.com/ronan-le-crom/profil/spieler/5444
1095,https://www.transfermarkt.com/alex/profil/spieler/15420
1096,https://www.transfermarkt.com/diego-lugano/profil/spieler/13829
1097,https://www.transfermarkt.com/zoumana-camara/profil/spieler/5474
1098,https://www.transfermarkt.com/antoine-conte/profil/spieler/181373
1099,https://www.transfermarkt.com/maxwell/profil/spieler/4317
1100,https://www.transfermarkt.com/sylvain-armand/profil/spieler/3525
1101,https://www.transfermarkt.com/siaka-tiene/profil/spieler/34026
1102,https://www.transfermarkt.com/gregory-van-der-wiel/profil/spieler/45548
1103,https://www.transfermarkt.com/christophe-jallet/profil/spieler/28335
1104,https://www.transfermarkt.com/alvin-arrondel/profil/spieler/127184
1105,https://www.transfermarkt.com/jordan-ikoko/profil/spieler/157491
1106,https://www.transfermarkt.com/thiago-motta/profil/spieler/7602
1107,https://www.transfermarkt.com/clement-chantome/profil/spieler/43458
1108,https://www.transfermarkt.com/mohamed-sissoko/profil/spieler/6119
1109,https://www.transfermarkt.com/mathieu-bodmer/profil/spieler/27305
1110,https://www.transfermarkt.com/marco-verratti/profil/spieler/102558
1111,https://www.transfermarkt.com/david-beckham/profil/spieler/3139
1112,https://www.transfermarkt.com/javier-pastore/profil/spieler/55215
1113,https://www.transfermarkt.com/nene/profil/spieler/29091
1114,https://www.transfermarkt.com/hervin-ongenda/profil/spieler/182910
1115,https://www.transfermarkt.com/lucas-moura/profil/spieler/77100
1116,https://www.transfermarkt.com/ezequiel-lavezzi/profil/spieler/50570
1117,https://www.transfermarkt.com/jeremy-menez/profil/spieler/16993
1118,https://www.transfermarkt.com/kevin-gameiro/profil/spieler/27389
1119,https://www.transfermarkt.com/guillaume-hoarau/profil/spieler/23934
1120,https://www.transfermarkt.com/peguy-luyindula/profil/spieler/3916
1121,https://www.transfermarkt.com/mike-maignan/profil/spieler/182906
1122,https://www.transfermarkt.com/mory-diaw/profil/spieler/164904
1123,https://www.transfermarkt.com/marquinhos/profil/spieler/181767
1124,https://www.transfermarkt.com/kalifa-traore/profil/spieler/184961
1125,https://www.transfermarkt.com/youssouf-sabaly/profil/spieler/135492
1126,https://www.transfermarkt.com/yohan-cabaye/profil/spieler/29434
1127,https://www.transfermarkt.com/jean-christophe-bahebeck/profil/spieler/164897
1128,https://www.transfermarkt.com/presnel-kimpembe/profil/spieler/282041
1129,https://www.transfermarkt.com/sebastien-atlan/profil/spieler/89604
1130,https://www.transfermarkt.com/serge-aurier/profil/spieler/127032
1131,https://www.transfermarkt.com/franck-bambock/profil/spieler/182882
1132,https://www.transfermarkt.com/romuald-lacazette/profil/spieler/203345
1133,https://www.transfermarkt.com/roli-pereira-de-sa/profil/spieler/243737
1134,https://www.transfermarkt.com/jeremi-kimmakon/profil/spieler/189435
1135,https://www.transfermarkt.com/jean-kevin-augustin/profil/spieler/264956
1136,https://www.transfermarkt.com/kevin-trapp/profil/spieler/45672
1137,https://www.transfermarkt.com/kevin-rimane/profil/spieler/93751
1138,https://www.transfermarkt.com/mamadou-doucoure/profil/spieler/340480
1139,https://www.transfermarkt.com/layvin-kurzawa/profil/spieler/126710
1140,https://www.transfermarkt.com/alec-georgen/profil/spieler/324800
1141,https://www.transfermarkt.com/benjamin-stambouli/profil/spieler/127160
1142,https://www.transfermarkt.com/sessi-dalmeida/profil/spieler/291111
1143,https://www.transfermarkt.com/timothee-taufflieb/profil/spieler/392276
1144,https://www.transfermarkt.com/yakou-meite/profil/spieler/289433
1145,https://www.transfermarkt.com/christopher-nkunku/profil/spieler/344381
1146,https://www.transfermarkt.com/odsonne-edouard/profil/spieler/344152
1147,https://www.transfermarkt.com/remy-descamps/profil/spieler/282028
1148,https://www.transfermarkt.com/fode-ballo-toure/profil/spieler/296422
1149,https://www.transfermarkt.com/thomas-meunier/profil/spieler/100986
1150,https://www.transfermarkt.com/grzegorz-krychowiak/profil/spieler/45184
1151,https://www.transfermarkt.com/lorenzo-callegari/profil/spieler/362344
1152,https://www.transfermarkt.com/giovani-lo-celso/profil/spieler/348795
1153,https://www.transfermarkt.com/gustavo-hebling/profil/spieler/288502
1154,https://www.transfermarkt.com/hatem-ben-arfa/profil/spieler/18900
1155,https://www.transfermarkt.com/julian-draxler/profil/spieler/85148
1156,https://www.transfermarkt.com/goncalo-guedes/profil/spieler/225122
1157,https://www.transfermarkt.com/gaetan-robail/profil/spieler/495489
1158,https://www.transfermarkt.com/jonathan-ikone/profil/spieler/324690
1159,https://www.transfermarkt.com/romain-habran/profil/spieler/203503
1160,https://www.transfermarkt.com/sebastien-cibois/profil/spieler/395251
1161,https://www.transfermarkt.com/stanley-nsoki/profil/spieler/371141
1162,https://www.transfermarkt.com/yuri-berchiche/profil/spieler/61812
1163,https://www.transfermarkt.com/antoine-bernede/profil/spieler/395512
1164,https://www.transfermarkt.com/yacine-adli/profil/spieler/395236
1165,https://www.transfermarkt.com/timothy-weah/profil/spieler/370846
1166,https://www.transfermarkt.com/kylian-mbappe/profil/spieler/342229
1167,https://www.transfermarkt.com/thilo-kehrer/profil/spieler/228948
1168,https://www.transfermarkt.com/loic-mbe-soh/profil/spieler/463610
1169,https://www.transfermarkt.com/isaac-hemans-arday/profil/spieler/353400
1170,https://www.transfermarkt.com/arthur-zagre/profil/spieler/536477
1171,https://www.transfermarkt.com/colin-dagba/profil/spieler/460629
1172,https://www.transfermarkt.com/leandro-paredes/profil/spieler/166237
1173,https://www.transfermarkt.com/junior-dina-ebimbe/profil/spieler/536482
1174,https://www.transfermarkt.com/azzeddine-toufiqui/profil/spieler/460630
1175,https://www.transfermarkt.com/moussa-diaby/profil/spieler/395516
1176,https://www.transfermarkt.com/metehan-guclu/profil/spieler/395519
1177,https://www.transfermarkt.com/sergio-rico/profil/spieler/207302
1178,https://www.transfermarkt.com/garissone-innocent/profil/spieler/460626
1179,https://www.transfermarkt.com/abdou-diallo/profil/spieler/229005
1180,https://www.transfermarkt.com/mitchel-bakker/profil/spieler/361065
1181,https://www.transfermarkt.com/idrissa-gueye/profil/spieler/126665
1182,https://www.transfermarkt.com/kays-ruiz-atil/profil/spieler/538045
1183,https://www.transfermarkt.com/adil-aouchiche/profil/spieler/569385
1184,https://www.transfermarkt.com/pablo-sarabia/profil/spieler/74230
1185,https://www.transfermarkt.com/mauro-icardi/profil/spieler/68863
1186,https://www.transfermarkt.com/arnaud-kalimuendo/profil/spieler/585959
1187,https://www.transfermarkt.com/alexandre-letellier/profil/spieler/93730
1188,https://www.transfermarkt.com/denis-franchi/profil/spieler/606576
1189,https://www.transfermarkt.com/mathyas-randriamamy/profil/spieler/827583
1190,https://www.transfermarkt.com/yanis-saidani/profil/spieler/618342
1191,https://www.transfermarkt.com/alessandro-florenzi/profil/spieler/130365
1192,https://www.transfermarkt.com/timothee-pembele/profil/spieler/538998
1193,https://www.transfermarkt.com/danilo-pereira/profil/spieler/141050
1194,https://www.transfermarkt.com/maxen-kapo/profil/spieler/618408
1195,https://www.transfermarkt.com/abdoulaye-kamara/profil/spieler/718232
1196,https://www.transfermarkt.com/edouard-michut/profil/spieler/659521
1197,https://www.transfermarkt.com/bandiougou-fadiga/profil/spieler/590914
1198,https://www.transfermarkt.com/xavi-simons/profil/spieler/566931
1199,https://www.transfermarkt.com/ismael-gharbi/profil/spieler/810096
1200,https://www.transfermarkt.com/kenny-nagera/profil/spieler/618416
1201,https://www.transfermarkt.com/gianluigi-donnarumma/profil/spieler/315858
1202,https://www.transfermarkt.com/el-chadaille-bitshiabu/profil/spieler/787912
1203,https://www.transfermarkt.com/nuno-mendes/profil/spieler/616341
1204,https://www.transfermarkt.com/teddy-alloh/profil/spieler/618405
1205,https://www.transfermarkt.com/nathan-bitumazala/profil/spieler/618415
1206,https://www.transfermarkt.com/djeidi-gassama/profil/spieler/795657
1207,https://www.transfermarkt.com/sekou-yansane/profil/spieler/853344
1208,https://www.transfermarkt.com/sergio-asenjo/profil/spieler/51710
1209,https://www.transfermarkt.com/joel-robles/profil/spieler/101118
1210,https://www.transfermarkt.com/diego-godin/profil/spieler/54928
1211,https://www.transfermarkt.com/miranda/profil/spieler/33357
1212,https://www.transfermarkt.com/mario-suarez/profil/spieler/37337
1213,https://www.transfermarkt.com/emiliano-insua/profil/spieler/45599
1214,https://www.transfermarkt.com/cata-diaz/profil/spieler/39087
1215,https://www.transfermarkt.com/jorge-pulido/profil/spieler/67546
1216,https://www.transfermarkt.com/domingo-cisma/profil/spieler/51535
1217,https://www.transfermarkt.com/juanfran-torres/profil/spieler/16635
1218,https://www.transfermarkt.com/silvio/profil/spieler/84511
1219,https://www.transfermarkt.com/ivan-calero/profil/spieler/212849
1220,https://www.transfermarkt.com/koke/profil/spieler/74229
1221,https://www.transfermarkt.com/gabi/profil/spieler/22969
1222,https://www.transfermarkt.com/cristian-rodriguez/profil/spieler/33448
1223,https://www.transfermarkt.com/oliver-torres/profil/spieler/214775
1224,https://www.transfermarkt.com/emre-belozoglu/profil/spieler/5782
1225,https://www.transfermarkt.com/tiago-mendes/profil/spieler/8538
1226,https://www.transfermarkt.com/abdelkader-oueslati/profil/spieler/220805
1227,https://www.transfermarkt.com/momar-ndoye/profil/spieler/221306
1228,https://www.transfermarkt.com/borja-galan/profil/spieler/221295
1229,https://www.transfermarkt.com/dani-aquino/profil/spieler/59335
1230,https://www.transfermarkt.com/adrian-lopez/profil/spieler/45383
1231,https://www.transfermarkt.com/raul-garcia/profil/spieler/34601
1232,https://www.transfermarkt.com/pedro-martin/profil/spieler/192585
1233,https://www.transfermarkt.com/daniel-aranzubia/profil/spieler/7612
1234,https://www.transfermarkt.com/bono/profil/spieler/207834
1235,https://www.transfermarkt.com/david-gil/profil/spieler/162027
1236,https://www.transfermarkt.com/toby-alderweireld/profil/spieler/42710
1237,https://www.transfermarkt.com/jose-maria-gimenez/profil/spieler/250845
1238,https://www.transfermarkt.com/josuha-guilavogui/profil/spieler/93704
1239,https://www.transfermarkt.com/jose-sosa/profil/spieler/20137
1240,https://www.transfermarkt.com/carlos-ramos/profil/spieler/282000
1241,https://www.transfermarkt.com/isaac-nana/profil/spieler/249463
1242,https://www.transfermarkt.com/diego/profil/spieler/4248
1243,https://www.transfermarkt.com/samu-saiz/profil/spieler/131506
1244,https://www.transfermarkt.com/leo-baptistao/profil/spieler/221899
1245,https://www.transfermarkt.com/ruben-mesa/profil/spieler/217721
1246,https://www.transfermarkt.com/hector-hernandez/profil/spieler/273738
1247,https://www.transfermarkt.com/jan-oblak/profil/spieler/121483
1248,https://www.transfermarkt.com/miguel-angel-moya/profil/spieler/26065
1249,https://www.transfermarkt.com/bernabe-barragan/profil/spieler/254036
1250,https://www.transfermarkt.com/nacho-monsalve/profil/spieler/281990
1251,https://www.transfermarkt.com/guilherme-siqueira/profil/spieler/44373
1252,https://www.transfermarkt.com/cristian-ansaldi/profil/spieler/55854
1253,https://www.transfermarkt.com/ivan-perez/profil/spieler/282637
1254,https://www.transfermarkt.com/jesus-gamez/profil/spieler/29055
1255,https://www.transfermarkt.com/cani/profil/spieler/7983
1256,https://www.transfermarkt.com/sekou-keita/profil/spieler/339152
1257,https://www.transfermarkt.com/nacho-huertas/profil/spieler/246932
1258,https://www.transfermarkt.com/alessio-cerci/profil/spieler/21748
1259,https://www.transfermarkt.com/angel-correa/profil/spieler/266807
1260,https://www.transfermarkt.com/raul-jimenez/profil/spieler/206040
1261,https://www.transfermarkt.com/borja-gonzalez/profil/spieler/356546
1262,https://www.transfermarkt.com/matias-kranevitter/profil/spieler/240900
1263,https://www.transfermarkt.com/thomas-partey/profil/spieler/230784
1264,https://www.transfermarkt.com/augusto-fernandez/profil/spieler/39151
1265,https://www.transfermarkt.com/jackson-martinez/profil/spieler/74418
1266,https://www.transfermarkt.com/yannick-carrasco/profil/spieler/140776
1267,https://www.transfermarkt.com/samuel-villa/profil/spieler/268383
1268,https://www.transfermarkt.com/luciano-vietto/profil/spieler/214316
1269,https://www.transfermarkt.com/roberto-nunez/profil/spieler/255888
1270,https://www.transfermarkt.com/andre-moreira/profil/spieler/326363
1271,https://www.transfermarkt.com/alex-garcia/profil/spieler/348549
1272,https://www.transfermarkt.com/tachi/profil/spieler/354697
1273,https://www.transfermarkt.com/caio-henrique/profil/spieler/420064
1274,https://www.transfermarkt.com/sime-vrsaljko/profil/spieler/76061
1275,https://www.transfermarkt.com/rafa-munoz/profil/spieler/480248
1276,https://www.transfermarkt.com/keidi-bare/profil/spieler/295622
1277,https://www.transfermarkt.com/roberto-olabe/profil/spieler/242299
1278,https://www.transfermarkt.com/toni-moya/profil/spieler/295065
1279,https://www.transfermarkt.com/nicolas-gaitan/profil/spieler/75442
1280,https://www.transfermarkt.com/nicolas-schiappacasse/profil/spieler/345473
1281,https://www.transfermarkt.com/ferni/profil/spieler/311435
1282,https://www.transfermarkt.com/juan-moreno/profil/spieler/339814
1283,https://www.transfermarkt.com/zaka/profil/spieler/411928
1284,https://www.transfermarkt.com/axel-werner/profil/spieler/236734
1285,https://www.transfermarkt.com/miguel-san-roman/profil/spieler/396337
1286,https://www.transfermarkt.com/alex-dos-santos/profil/spieler/396341
1287,https://www.transfermarkt.com/antonio-montoro/profil/spieler/251880
1288,https://www.transfermarkt.com/sergi-gonzalez/profil/spieler/281979
1289,https://www.transfermarkt.com/carlos-isaac/profil/spieler/396324
1290,https://www.transfermarkt.com/vitolo/profil/spieler/67082
1291,https://www.transfermarkt.com/arona-sane/profil/spieler/282006
1292,https://www.transfermarkt.com/juan-aguero/profil/spieler/341228
1293,https://www.transfermarkt.com/alberto-rodenas/profil/spieler/461623
1294,https://www.transfermarkt.com/javi-montero/profil/spieler/396333
1295,https://www.transfermarkt.com/nehuen-perez/profil/spieler/491693
1296,https://www.transfermarkt.com/manu-sanchez/profil/spieler/618809
1297,https://www.transfermarkt.com/santiago-arias/profil/spieler/120443
1298,https://www.transfermarkt.com/andres-solano/profil/spieler/461618
1299,https://www.transfermarkt.com/gustavo-assuncao/profil/spieler/461629
1300,https://www.transfermarkt.com/cristian-rodriguez/profil/spieler/442802
1301,https://www.transfermarkt.com/mikel-carro/profil/spieler/396327
1302,https://www.transfermarkt.com/thomas-lemar/profil/spieler/205562
1303,https://www.transfermarkt.com/gelson-martins/profil/spieler/257448
1304,https://www.transfermarkt.com/victor-mollejo/profil/spieler/505673
1305,https://www.transfermarkt.com/joaquin-munoz/profil/spieler/396334
1306,https://www.transfermarkt.com/nikola-kalinic/profil/spieler/36371
1307,https://www.transfermarkt.com/borja-garces/profil/spieler/566036
1308,https://www.transfermarkt.com/sergio-camello/profil/spieler/505674
1309,https://www.transfermarkt.com/felipe/profil/spieler/156501
1310,https://www.transfermarkt.com/mario-hermoso/profil/spieler/281769
1311,https://www.transfermarkt.com/alvaro-garcia/profil/spieler/495600
1312,https://www.transfermarkt.com/renan-lodi/profil/spieler/476352
1313,https://www.transfermarkt.com/kieran-trippier/profil/spieler/95810
1314,https://www.transfermarkt.com/ricard-sanchez/profil/spieler/388545
1315,https://www.transfermarkt.com/hector-herrera/profil/spieler/122043
1316,https://www.transfermarkt.com/oscar-clemente/profil/spieler/396340
1317,https://www.transfermarkt.com/rodrigo-riquelme/profil/spieler/461617
1318,https://www.transfermarkt.com/german-valera/profil/spieler/548188
1319,https://www.transfermarkt.com/joao-felix/profil/spieler/462250
1320,https://www.transfermarkt.com/ivan-saponjic/profil/spieler/274347
1321,https://www.transfermarkt.com/dario-poveda/profil/spieler/399780
1322,https://www.transfermarkt.com/ivo-grbic/profil/spieler/226073
1323,https://www.transfermarkt.com/adrian-corral/profil/spieler/708388
1324,https://www.transfermarkt.com/lucas-torreira/profil/spieler/318077
1325,https://www.transfermarkt.com/geoffrey-kondogbia/profil/spieler/127189
1326,https://www.transfermarkt.com/juan-manuel-sanabria/profil/spieler/446106
1327,https://www.transfermarkt.com/josep-calavera/profil/spieler/408472
1328,https://www.transfermarkt.com/oscar-castro/profil/spieler/536823
1329,https://www.transfermarkt.com/mario-soriano/profil/spieler/568148
1330,https://www.transfermarkt.com/moussa-dembele/profil/spieler/229004
1331,https://www.transfermarkt.com/benjamin-lecomte/profil/spieler/127181
1332,https://www.transfermarkt.com/christian-gomez/profil/spieler/461613
1333,https://www.transfermarkt.com/alejandro-iturbe/profil/spieler/618801
1334,https://www.transfermarkt.com/antonio-gomis/profil/spieler/930415
1335,https://www.transfermarkt.com/marco-moreno/profil/spieler/534376
1336,https://www.transfermarkt.com/fran-gonzalez/profil/spieler/784717
1337,https://www.transfermarkt.com/manu-lama/profil/spieler/628464
1338,https://www.transfermarkt.com/joan-rojas/profil/spieler/537458
1339,https://www.transfermarkt.com/ibra-camara/profil/spieler/668273
1340,https://www.transfermarkt.com/reinildo-mandava/profil/spieler/240692
1341,https://www.transfermarkt.com/sergio-camus/profil/spieler/379632
1342,https://www.transfermarkt.com/sergio-diez/profil/spieler/935456
1343,https://www.transfermarkt.com/rodrigo-de-paul/profil/spieler/255901
1344,https://www.transfermarkt.com/daniel-wass/profil/spieler/63463
1345,https://www.transfermarkt.com/javi-serrano/profil/spieler/668177
1346,https://www.transfermarkt.com/alberto-moreno/profil/spieler/568149
1347,https://www.transfermarkt.com/pablo-barrios/profil/spieler/775605
1348,https://www.transfermarkt.com/matheus-cunha/profil/spieler/517894
1349,https://www.transfermarkt.com/giuliano-simeone/profil/spieler/742201
1350,https://www.transfermarkt.com/carlos-martin/profil/spieler/618813
